{
  "root_mccormick_lp": 0.8382369708575385,
  "certified_optimum": 1.2686437614652726,
  "integers_fixed_leaf": [
    1.0,
    0.0,
    0.0,
    0.0,
    1.0,
    0.0,
    0.0,
    0.0,
    1.0
  ],
  "integers_fixed_root_lp": 0.8382369708575385,
  "integers_fixed_still_loose": true,
  "n_cont_x_cont_products": 11,
  "cont_x_cont_products": [
    [
      0,
      6
    ],
    [
      1,
      7
    ],
    [
      2,
      8
    ],
    [
      0,
      9
    ],
    [
      1,
      10
    ],
    [
      2,
      11
    ],
    [
      0,
      12
    ],
    [
      1,
      13
    ],
    [
      2,
      14
    ],
    [
      16,
      17
    ],
    [
      15,
      16
    ]
  ],
  "shared_variable_stars": {
    "0": [
      6,
      9,
      12
    ],
    "1": [
      7,
      10,
      13
    ],
    "2": [
      8,
      11,
      14
    ],
    "16": [
      15,
      17
    ]
  }
}