{
  "root_mccormick_lp": 0.8382369708575385,
  "certified_optimum": 1.2686437614652726,
  "oracle": 1.268643754,
  "integers_fixed_leaf": [
    1.0,
    0.0,
    0.0,
    0.0,
    1.0,
    0.0,
    0.0,
    0.0,
    1.0
  ],
  "integers_fixed_root_lp": 0.8382369708575385,
  "integers_fixed_still_loose": true,
  "continuous_ceiling_C_upper_est": 9.351037003767047,
  "baron_root": 0.955,
  "max_root_gain_available": 8.512800032909508,
  "cont_x_cont_products": [
    [
      0,
      6
    ],
    [
      1,
      7
    ],
    [
      2,
      8
    ],
    [
      0,
      9
    ],
    [
      1,
      10
    ],
    [
      2,
      11
    ],
    [
      0,
      12
    ],
    [
      1,
      13
    ],
    [
      2,
      14
    ],
    [
      16,
      17
    ],
    [
      15,
      16
    ]
  ],
  "n_cont_x_cont_products": 11,
  "shared_variable_stars": {
    "0": [
      6,
      9,
      12
    ],
    "1": [
      7,
      10,
      13
    ],
    "2": [
      8,
      11,
      14
    ],
    "16": [
      15,
      17
    ]
  },
  "pq_split_group_rows": [
    {
      "i": 21,
      "support_size": 13,
      "split_support": [
        18,
        19,
        20,
        21,
        22,
        23,
        24,
        25,
        26
      ],
      "sense": "==",
      "rhs": 0.0,
      "const": 0.0,
      "simplex_like": false,
      "coeffs": {
        "0": 1.0,
        "1": 1.0,
        "2": 1.0,
        "16": -1.0,
        "18": 0.4,
        "19": 0.4,
        "20": 0.4,
        "21": 0.2,
        "22": 0.2,
        "23": 0.2,
        "24": 0.1,
        "25": 0.1,
        "26": 0.1
      }
    },
    {
      "i": 22,
      "support_size": 3,
      "split_support": [
        18,
        21,
        24
      ],
      "sense": "<=",
      "rhs": 0.0,
      "const": -1.0,
      "simplex_like": true,
      "coeffs": {
        "24": 1.0,
        "18": 1.0,
        "21": 1.0
      }
    },
    {
      "i": 23,
      "support_size": 3,
      "split_support": [
        19,
        22,
        25
      ],
      "sense": "<=",
      "rhs": 0.0,
      "const": -1.0,
      "simplex_like": true,
      "coeffs": {
        "25": 1.0,
        "19": 1.0,
        "22": 1.0
      }
    },
    {
      "i": 24,
      "support_size": 3,
      "split_support": [
        20,
        23,
        26
      ],
      "sense": "<=",
      "rhs": 0.0,
      "const": -1.0,
      "simplex_like": true,
      "coeffs": {
        "26": 1.0,
        "20": 1.0,
        "23": 1.0
      }
    },
    {
      "i": 25,
      "support_size": 7,
      "split_support": [
        18,
        21,
        24
      ],
      "sense": "==",
      "rhs": 0.0,
      "const": 0.0,
      "simplex_like": false,
      "coeffs": {
        "0": 11.4794520547945,
        "36": -1.0,
        "37": 1.0,
        "18": 4.59178082191781,
        "21": 2.2958904109589,
        "24": 1.14794520547945,
        "27": -1.0
      }
    },
    {
      "i": 26,
      "support_size": 7,
      "split_support": [
        19,
        22,
        25
      ],
      "sense": "==",
      "rhs": 0.0,
      "const": 0.0,
      "simplex_like": false,
      "coeffs": {
        "1": 11.4794520547945,
        "37": -1.0,
        "38": 1.0,
        "19": 4.59178082191781,
        "22": 2.2958904109589,
        "25": 1.14794520547945,
        "28": -1.0
      }
    },
    {
      "i": 27,
      "support_size": 7,
      "split_support": [
        20,
        23,
        26
      ],
      "sense": "==",
      "rhs": 0.0,
      "const": 0.0,
      "simplex_like": false,
      "coeffs": {
        "2": 11.4794520547945,
        "36": 1.0,
        "38": -1.0,
        "20": 4.59178082191781,
        "23": 2.2958904109589,
        "26": 1.14794520547945,
        "29": -1.0
      }
    },
    {
      "i": 28,
      "support_size": 7,
      "split_support": [
        18,
        21,
        24
      ],
      "sense": "==",
      "rhs": 0.0,
      "const": 0.0,
      "simplex_like": false,
      "coeffs": {
        "0": 9.56712328767123,
        "39": -1.0,
        "40": 1.0,
        "18": 3.82684931506849,
        "21": 1.91342465753425,
        "24": 0.956712328767123,
        "30": -1.0
      }
    },
    {
      "i": 29,
      "support_size": 7,
      "split_support": [
        19,
        22,
        25
      ],
      "sense": "==",
      "rhs": 0.0,
      "const": 0.0,
      "simplex_like": false,
      "coeffs": {
        "1": 9.56712328767123,
        "40": -1.0,
        "41": 1.0,
        "19": 3.82684931506849,
        "22": 1.91342465753425,
        "25": 0.956712328767123,
        "31": -1.0
      }
    },
    {
      "i": 30,
      "support_size": 7,
      "split_support": [
        20,
        23,
        26
      ],
      "sense": "==",
      "rhs": 0.0,
      "const": 0.0,
      "simplex_like": false,
      "coeffs": {
        "32": -1.0,
        "2": 9.56712328767123,
        "39": 1.0,
        "41": -1.0,
        "20": 3.82684931506849,
        "23": 1.91342465753425,
        "26": 0.956712328767123
      }
    },
    {
      "i": 31,
      "support_size": 7,
      "split_support": [
        18,
        21,
        24
      ],
      "sense": "==",
      "rhs": 0.0,
      "const": 0.0,
      "simplex_like": false,
      "coeffs": {
        "0": 3.82739726027397,
        "33": -1.0,
        "42": -1.0,
        "43": 1.0,
        "18": 1.53095890410959,
        "21": 0.765479452054795,
        "24": 0.382739726027397
      }
    },
    {
      "i": 32,
      "support_size": 7,
      "split_support": [
        19,
        22,
        25
      ],
      "sense": "==",
      "rhs": 0.0,
      "const": 0.0,
      "simplex_like": false,
      "coeffs": {
        "1": 3.82739726027397,
        "34": -1.0,
        "43": -1.0,
        "44": 1.0,
        "19": 1.53095890410959,
        "22": 0.765479452054795,
        "25": 0.382739726027397
      }
    },
    {
      "i": 33,
      "support_size": 7,
      "split_support": [
        20,
        23,
        26
      ],
      "sense": "==",
      "rhs": 0.0,
      "const": 0.0,
      "simplex_like": false,
      "coeffs": {
        "2": 3.82739726027397,
        "35": -1.0,
        "42": 1.0,
        "44": -1.0,
        "20": 1.53095890410959,
        "23": 0.765479452054795,
        "26": 0.382739726027397
      }
    },
    {
      "i": 43,
      "support_size": 4,
      "split_support": [
        18,
        21,
        24
      ],
      "sense": "<=",
      "rhs": 0.0,
      "const": 0.0,
      "simplex_like": false,
      "coeffs": {
        "0": 1.0,
        "24": -40.0,
        "18": -40.0,
        "21": -40.0
      }
    },
    {
      "i": 44,
      "support_size": 4,
      "split_support": [
        19,
        22,
        25
      ],
      "sense": "<=",
      "rhs": 0.0,
      "const": 0.0,
      "simplex_like": false,
      "coeffs": {
        "1": 1.0,
        "19": -40.0,
        "22": -40.0,
        "25": -40.0
      }
    },
    {
      "i": 45,
      "support_size": 4,
      "split_support": [
        20,
        23,
        26
      ],
      "sense": "<=",
      "rhs": 0.0,
      "const": 0.0,
      "simplex_like": false,
      "coeffs": {
        "2": 1.0,
        "26": -40.0,
        "20": -40.0,
        "23": -40.0
      }
    },
    {
      "i": 46,
      "support_size": 4,
      "split_support": [
        18,
        21,
        24
      ],
      "sense": "<=",
      "rhs": 0.0,
      "const": 0.0,
      "simplex_like": false,
      "coeffs": {
        "0": -1.0,
        "24": 1.0,
        "18": 1.0,
        "21": 1.0
      }
    },
    {
      "i": 47,
      "support_size": 4,
      "split_support": [
        19,
        22,
        25
      ],
      "sense": "<=",
      "rhs": 0.0,
      "const": 0.0,
      "simplex_like": false,
      "coeffs": {
        "1": -1.0,
        "19": 1.0,
        "22": 1.0,
        "25": 1.0
      }
    },
    {
      "i": 48,
      "support_size": 4,
      "split_support": [
        20,
        23,
        26
      ],