corpus: 119 instances; flag DISCOPT_ROOT_CUT_DEADLINE; DEFAULT solve path; load before (0.69287109375, 0.3505859375, 0.14794921875)
instance               arm  status                    objective              bound    wall      feas  stage-LPs
/home/user/discopt/python/discopt/debug/__init__.py:98: UserWarning: Variables with very large or infinite declared bounds: x0 (lb=0, ub=inf), x1 (lb=1, ub=inf), x2 (lb=0, ub=inf), x3 (lb=0, ub=inf), x4 (lb=0, ub=inf).  Nonlinear tightening can adjust 97 bounds via defined_variable_forward, separable_quadratic_upper_bound. NLP solvers may fail (NaN, iteration_limit) when bounds exceed ~1e15. Add tighter explicit bounds, e.g. m.continuous('x', lb=0, ub=1000).
  return fn(*args, **kwargs)
4stufen                off  time_limit                     None        20282.03794   30.33      None  {'stage_calls': 0, 'lp_calls': 0, 'deadline_calls': 0, 'declined': 0}
4stufen                on   time_limit                     None        20712.16514   30.01      None  {'stage_calls': 0, 'lp_calls': 0, 'deadline_calls': 0, 'declined': 0}
/home/user/discopt/python/discopt/debug/__init__.py:98: UserWarning: Variables with very large or infinite declared bounds: x0 (lb=0, ub=inf), x1 (lb=0, ub=inf), x2 (lb=0, ub=inf), x3 (lb=0, ub=inf).  Nonlinear tightening can adjust 4 bounds via separable_quadratic_upper_bound. NLP solvers may fail (NaN, iteration_limit) when bounds exceed ~1e15. Add tighter explicit bounds, e.g. m.continuous('x', lb=0, ub=1000).
  return fn(*args, **kwargs)
alan                   off  optimal                       2.925              2.925    0.04  8.12e-11  {'stage_calls': 0, 'lp_calls': 0, 'deadline_calls': 0, 'declined': 0}
alan                   on   optimal                       2.925              2.925    0.03  8.12e-11  {'stage_calls': 0, 'lp_calls': 0, 'deadline_calls': 0, 'declined': 0}
/home/user/discopt/python/discopt/debug/__init__.py:98: UserWarning: Variables with very large or infinite declared bounds: x8 (lb=0, ub=inf), x9 (lb=0, ub=inf), x10 (lb=0, ub=inf), x11 (lb=0, ub=inf), x12 (lb=0, ub=inf).  Nonlinear tightening can adjust 71 bounds via defined_variable_forward, separable_quadratic_upper_bound, bilinear_product_equality. NLP solvers may fail (NaN, iteration_limit) when bounds exceed ~1e15. Add tighter explicit bounds, e.g. m.continuous('x', lb=0, ub=1000).
  return fn(*args, **kwargs)
bchoco06               off  time_limit                     None        1.000001599   30.02      None  {'stage_calls': 0, 'lp_calls': 0, 'deadline_calls': 0, 'declined': 0}
bchoco06               on   time_limit                     None        1.000001599   30.02      None  {'stage_calls': 0, 'lp_calls': 0, 'deadline_calls': 0, 'declined': 0}
/home/user/discopt/python/discopt/debug/__init__.py:98: UserWarning: Variables with very large or infinite declared bounds: x9 (lb=0, ub=inf), x10 (lb=0, ub=inf), x11 (lb=0, ub=inf), x12 (lb=0, ub=inf), x13 (lb=0, ub=inf).  Nonlinear tightening can adjust 79 bounds via defined_variable_forward, separable_quadratic_upper_bound, bilinear_product_equality. NLP solvers may fail (NaN, iteration_limit) when bounds exceed ~1e15. Add tighter explicit bounds, e.g. m.continuous('x', lb=0, ub=1000).
  return fn(*args, **kwargs)
bchoco07               off  time_limit                     None                  1   30.11      None  {'stage_calls': 0, 'lp_calls': 0, 'deadline_calls': 0, 'declined': 0}
bchoco07               on   time_limit                     None                  1   30.02      None  {'stage_calls': 0, 'lp_calls': 0, 'deadline_calls': 0, 'declined': 0}
/home/user/discopt/python/discopt/debug/__init__.py:98: UserWarning: Variables with very large or infinite declared bounds: x10 (lb=0, ub=inf), x11 (lb=0, ub=inf), x12 (lb=0, ub=inf), x13 (lb=0, ub=inf), x14 (lb=0, ub=inf).  Nonlinear tightening can adjust 91 bounds via defined_variable_forward, separable_quadratic_upper_bound, bilinear_product_equality. NLP solvers may fail (NaN, iteration_limit) when bounds exceed ~1e15. Add tighter explicit bounds, e.g. m.continuous('x', lb=0, ub=1000).
  return fn(*args, **kwargs)
bchoco08               off  time_limit                     None                  1   30.13      None  {'stage_calls': 0, 'lp_calls': 0, 'deadline_calls': 0, 'declined': 0}
bchoco08               on   time_limit                     None                  1   30.13      None  {'stage_calls': 0, 'lp_calls': 0, 'deadline_calls': 0, 'declined': 0}
/home/user/discopt/python/discopt/debug/__init__.py:98: UserWarning: Variables with very large or infinite declared bounds: x0 (lb=0.001, ub=inf), x1 (lb=1, ub=inf), x2 (lb=0, ub=inf), x3 (lb=0, ub=inf), x4 (lb=0, ub=inf).  Nonlinear tightening can adjust 84 bounds via defined_variable_forward, separable_quadratic_upper_bound. NLP solvers may fail (NaN, iteration_limit) when bounds exceed ~1e15. Add tighter explicit bounds, e.g. m.continuous('x', lb=0, ub=1000).
  return fn(*args, **kwargs)
beuster                off  time_limit                     None        6352.049352   30.02      None  {'stage_calls': 0, 'lp_calls': 0, 'deadline_calls': 0, 'declined': 0}
beuster                on   time_limit                     None        6352.049352   30.12      None  {'stage_calls': 0, 'lp_calls': 0, 'deadline_calls': 0, 'declined': 0}
/home/user/discopt/python/discopt/debug/__init__.py:98: UserWarning: Variables with very large or infinite declared bounds: x0 (lb=0, ub=inf), x1 (lb=0, ub=inf), x2 (lb=0, ub=inf), x3 (lb=0, ub=inf), x4 (lb=0, ub=inf).  Nonlinear tightening can adjust 133 bounds via separable_quadratic_upper_bound, defined_variable_forward. NLP solvers may fail (NaN, iteration_limit) when bounds exceed ~1e15. Add tighter explicit bounds, e.g. m.continuous('x', lb=0, ub=1000).
  return fn(*args, **kwargs)
/home/user/discopt/python/discopt/solver.py:3330: RuntimeWarning: invalid value encountered in subtract
  if np.any(np.abs(tightened_lb - lb) > 1e-12) or np.any(np.abs(tightened_ub - ub) > 1e-12):
carton7                off  time_limit                     None                 26   32.85      None  {'stage_calls': 0, 'lp_calls': 0, 'deadline_calls': 0, 'declined': 0}
carton7                on   time_limit                     None                 26   32.81      None  {'stage_calls': 0, 'lp_calls': 0, 'deadline_calls': 0, 'declined': 0}
/home/user/discopt/python/discopt/debug/__init__.py:98: UserWarning: Variables with very large or infinite declared bounds: x120 (lb=0, ub=inf), x121 (lb=0, ub=inf), x122 (lb=0, ub=inf), x123 (lb=0, ub=inf), x124 (lb=0, ub=inf).  Nonlinear tightening can adjust 367 bounds via defined_variable_forward, separable_quadratic_upper_bound. NLP solvers may fail (NaN, iteration_limit) when bounds exceed ~1e15. Add tighter explicit bounds, e.g. m.continuous('x', lb=0, ub=1000).
  return fn(*args, **kwargs)
casctanks              off  feasible                9.207583239        -90.1786233   30.20  3.74e-12  {'stage_calls': 0, 'lp_calls': 0, 'deadline_calls': 0, 'declined': 0}
casctanks              on   feasible                9.207583239        -90.1786233   30.17  3.74e-12  {'stage_calls': 0, 'lp_calls': 0, 'deadline_calls': 0, 'declined': 0}
chance                 off  optimal                 29.89437817        29.89437817    0.02  0.00e+00  {'stage_calls': 0, 'lp_calls': 0, 'deadline_calls': 0, 'declined': 0}
chance                 on   optimal                 29.89437817        29.89437817    0.01  0.00e+00  {'stage_calls': 0, 'lp_calls': 0, 'deadline_calls': 0, 'declined': 0}
/home/user/discopt/python/discopt/debug/__init__.py:98: UserWarning: Variables with very large or infinite declared bounds: x0 (lb=0, ub=inf), x1 (lb=0, ub=inf), x2 (lb=0, ub=inf), x3 (lb=0, ub=inf), x4 (lb=0, ub=inf).  Nonlinear tightening can adjust 66 bounds via separable_quadratic_upper_bound. NLP solvers may fail (NaN, iteration_limit) when bounds exceed ~1e15. Add tighter explicit bounds, e.g. m.continuous('x', lb=0, ub=1000).
  return fn(*args, **kwargs)
/home/user/discopt/python/discopt/solver.py:4341: RuntimeWarning: invalid value encountered in multiply
  cs_ub = np.where(is_continuous, np.abs(lam_ub) * np.abs(declared_ub - x_flat), 0.0)
clay0303hfsg           off  optimal                 26669.10957        26669.10955   30.33  2.70e-12  {'stage_calls': 1, 'lp_calls': 18, 'deadline_calls': 0, 'declined': 0}
[38;2;138;109;59m INFO[0m pounce_algorithm::conv_check::opt_error: certifying with a dual infeasibility above dual_inf_tol: it is within the scale-relative floor set by the terms the Lagrangian gradient is built from (dual_inf_scale_kappa=0 disables) [3mdual_inf[0m[2m=[0m1.2055719409933876 [3mdual_scale[0m[2m=[0m8499133393200.75 [3mdual_inf_tol[0m[2m=[0m1.0 [3mbound[0m[2m=[0m84991.3339320075
clay0303hfsg           on   feasible                26669.10957        19513.27234   30.53  2.70e-12  {'stage_calls': 1, 'lp_calls': 18, 'deadline_calls': 18, 'declined': 0}
/home/user/discopt/python/discopt/debug/__init__.py:98: UserWarning: Variables with very large or infinite declared bounds: x49 (lb=-inf, ub=1.6), x50 (lb=-inf, ub=1.6), x51 (lb=-inf, ub=1.6), x52 (lb=-inf, ub=1.6), x53 (lb=-inf, ub=1.6).  Nonlinear tightening can adjust 130 bounds via defined_variable_forward, monotone_function_equality, separable_quadratic_upper_bound. NLP solvers may fail (NaN, iteration_limit) when bounds exceed ~1e15. Add tighter explicit bounds, e.g. m.continuous('x', lb=0, ub=1000).
  return fn(*args, **kwargs)
contvar                off  time_limit                     None        183636.9084   30.55      None  {'stage_calls': 0, 'lp_calls': 0, 'deadline_calls': 0, 'declined': 0}
contvar                on   time_limit                     None        183636.9084   30.50      None  {'stage_calls': 0, 'lp_calls': 0, 'deadline_calls': 0, 'declined': 0}
cvxnonsep_nsig30       off  optimal                 130.6287127        130.6184139    2.22  0.00e+00  {'stage_calls': 1, 'lp_calls': 122, 'deadline_calls': 0, 'declined': 0}
cvxnonsep_nsig30       on   optimal                 130.6287127        130.6184139    2.13  0.00e+00  {'stage_calls': 1, 'lp_calls': 122, 'deadline_calls': 122, 'declined': 0}
cvxnonsep_psig30       off  optimal                 78.99885437        78.99701704    0.66  0.00e+00  {'stage_calls': 1, 'lp_calls': 0, 'deadline_calls': 0, 'declined': 0}
cvxnonsep_psig30       on   optimal                 78.99885437        78.99701704    0.65  0.00e+00  {'stage_calls': 1, 'lp_calls': 0, 'deadline_calls': 0, 'declined': 0}
/home/user/discopt/python/discopt/debug/__init__.py:98: UserWarning: Variables with very large or infinite declared bounds: x20 (lb=1e-09, ub=inf), x41 (lb=-inf, ub=inf), x42 (lb=-inf, ub=inf), x43 (lb=-inf, ub=inf), x44 (lb=-inf, ub=inf).  NLP solvers may fail (NaN, iteration_limit) when bounds exceed ~1e15. Add tighter explicit bounds, e.g. m.continuous('x', lb=0, ub=1000).
  return fn(*args, **kwargs)
/home/user/discopt/python/discopt/solver.py:4340: RuntimeWarning: invalid value encountered in multiply
  cs_lb = np.where(is_continuous, np.abs(lam_lb) * np.abs(x_flat - declared_lb), 0.0)
Duals withheld (#1037): the backend's multipliers violate complementary slackness against the box your model declares at x0.lb(declared 1, CS 3.636e-06), x1.lb(declared 1, CS 3.636e-06), x2.lb(declared 1, CS 3.636e-06), x3.lb(declared 1, CS 3.636e-06), x4.lb(declared 1, CS 3.636e-06) …, so they are duals of a different problem. Refitting against the declared active set did not reach stationarity (residual 8.574e-01 > 4.000e-02), so no duals are reported rather than wrong ones.
cvxnonsep_psig40r      off  optimal                 86.54528683        86.53935904    1.23  0.00e+00  {'stage_calls': 1, 'lp_calls': 68, 'deadline_calls': 0, 'declined': 0}
Duals withheld (#1037): the backend's multipliers violate complementary slackness against the box your model declares at x0.lb(declared 1, CS 3.636e-06), x1.lb(declared 1, CS 3.636e-06), x2.lb(declared 1, CS 3.636e-06), x3.lb(declared 1, CS 3.636e-06), x4.lb(declared 1, CS 3.636e-06) …, so they are duals of a different problem. Refitting against the declared active set did not reach stationarity (residual 8.574e-01 > 4.000e-02), so no duals are reported rather than wrong ones.
cvxnonsep_psig40r      on   optimal                 86.54528683        86.53935904    1.22  0.00e+00  {'stage_calls': 1, 'lp_calls': 68, 'deadline_calls': 68, 'declined': 0}
/home/user/discopt/python/discopt/debug/__init__.py:98: UserWarning: Variables with very large or infinite declared bounds: x3 (lb=-inf, ub=inf).  Nonlinear tightening can adjust 2 bounds via defined_variable_forward. NLP solvers may fail (NaN, iteration_limit) when bounds exceed ~1e15. Add tighter explicit bounds, e.g. m.continuous('x', lb=0, ub=1000).
  return fn(*args, **kwargs)
dispatch               off  optimal                 3155.287927        3155.287862    0.15  3.91e-13  {'stage_calls': 0, 'lp_calls': 0, 'deadline_calls': 0, 'declined': 0}
dispatch               on   optimal                 3155.287927        3155.287862    0.14  3.91e-13  {'stage_calls': 0, 'lp_calls': 0, 'deadline_calls': 0, 'declined': 0}
ex1221                 off  optimal                 7.667180069        7.667180069    0.48  2.22e-16  {'stage_calls': 0, 'lp_calls': 0, 'deadline_calls': 0, 'declined': 0}
ex1221                 on   optimal                 7.667180069        7.667180069    0.45  2.22e-16  {'stage_calls': 0, 'lp_calls': 0, 'deadline_calls': 0, 'declined': 0}
ex1222                 off  optimal                 1.076543102        1.076543083    0.10  0.00e+00  {'stage_calls': 0, 'lp_calls': 0, 'deadline_calls': 0, 'declined': 0}
ex1222                 on   optimal                 1.076543102        1.076543083    0.10  0.00e+00  {'stage_calls': 0, 'lp_calls': 0, 'deadline_calls': 0, 'declined': 0}
ex1223a                off  optimal                 4.579582448        4.579582415    0.04  0.00e+00  {'stage_calls': 1, 'lp_calls': 0, 'deadline_calls': 0, 'declined': 0}
ex1223a                on   optimal                 4.579582448        4.579582415    0.04  0.00e+00  {'stage_calls': 1, 'lp_calls': 0, 'deadline_calls': 0, 'declined': 0}
ex1224                 off  optimal               -0.9434704909         -0.9434705    1.56  1.24e-11  {'stage_calls': 0, 'lp_calls': 0, 'deadline_calls': 0, 'declined': 0}
ex1224                 on   optimal               -0.9434704909         -0.9434705    1.59  1.24e-11  {'stage_calls': 0, 'lp_calls': 0, 'deadline_calls': 0, 'declined': 0}
ex1225                 off  optimal                          31                 31    1.52  0.00e+00  {'stage_calls': 0, 'lp_calls': 0, 'deadline_calls': 0, 'declined': 0}
ex1225                 on   optimal                          31                 31    1.54  0.00e+00  {'stage_calls': 0, 'lp_calls': 0, 'deadline_calls': 0, 'declined': 0}
ex1226                 off  optimal                         -17                -17    1.07  7.32e-13  {'stage_calls': 0, 'lp_calls': 0, 'deadline_calls': 0, 'declined': 0}
ex1226                 on   optimal                         -17                -17    1.08  7.32e-13  {'stage_calls': 0, 'lp_calls': 0, 'deadline_calls': 0, 'declined': 0}
/home/user/discopt/python/discopt/debug/__init__.py:98: UserWarning: Variables with very large or infinite declared bounds: x0 (lb=0, ub=inf), x1 (lb=0, ub=inf), x2 (lb=0, ub=inf), x3 (lb=0, ub=inf), x4 (lb=0, ub=inf).  Nonlinear tightening can adjust 30 bounds via defined_variable_forward, separable_quadratic_upper_bound. NLP solvers may fail (NaN, iteration_limit) when bounds exceed ~1e15. Add tighter explicit bounds, e.g. m.continuous('x', lb=0, ub=1000).
  return fn(*args, **kwargs)
ex1233                 off  feasible                155010.6713        88622.87416   30.26  7.11e-11  {'stage_calls': 0, 'lp_calls': 0, 'deadline_calls': 0, 'declined': 0}
ex1233                 on   feasible                155010.6713        45440.78792   30.12  7.11e-11  {'stage_calls': 0, 'lp_calls': 0, 'deadline_calls': 0, 'declined': 0}
[38;2;138;109;59m INFO[0m pounce_algorithm::conv_check::opt_error: certifying with a dual infeasibility above dual_inf_tol: it is within the scale-relative floor set by the terms the Lagrangian gradient is built from (dual_inf_scale_kappa=0 disables) [3mdual_inf[0m[2m=[0m735.3041475094014 [3mdual_scale[0m[2m=[0m4042416876963644.5 [3mdual_inf_tol[0m[2m=[0m1.0 [3mbound[0m[2m=[0m40424168.769636445
[38;2;138;109;59m INFO[0m pounce::linesearch: theta_max raised 2.079e4 -> 2.079e6 (raise 1 of 4): 3 consecutive line searches had every trial rejected at the theta_max gate (pounce#546)
[38;2;138;109;59m INFO[0m pounce::linesearch: theta_max raised 2.079e4 -> 2.079e6 (raise 1 of 4): 3 consecutive line searches had every trial rejected at the theta_max gate (pounce#546)
[38;2;138;109;59m INFO[0m pounce::linesearch: theta_max raised 2.079e4 -> 2.079e6 (raise 1 of 4): 3 consecutive line searches had every trial rejected at the theta_max gate (pounce#546)
[38;2;138;109;59m INFO[0m pounce::linesearch: theta_max raised 2.079e4 -> 2.079e6 (raise 1 of 4): 3 consecutive line searches had every trial rejected at the theta_max gate (pounce#546)
[38;2;138;109;59m INFO[0m pounce::linesearch: theta_max raised 2.079e4 -> 2.079e6 (raise 1 of 4): 3 consecutive line searches had every trial rejected at the theta_max gate (pounce#546)
[38;2;138;109;59m INFO[0m pounce::linesearch: theta_max raised 2.079e4 -> 2.079e6 (raise 1 of 4): 3 consecutive line searches had every trial rejected at the theta_max gate (pounce#546)
[38;2;138;109;59m INFO[0m pounce::linesearch: theta_max raised 2.079e4 -> 2.079e6 (raise 1 of 4): 3 consecutive line searches had every trial rejected at the theta_max gate (pounce#546)
[38;2;138;109;59m INFO[0m pounce::linesearch: theta_max raised 2.079e4 -> 2.079e6 (raise 1 of 4): 3 consecutive line searches had every trial rejected at the theta_max gate (pounce#546)
ex1252                 off  feasible                151115.7299                  0   30.18  5.68e-14  {'stage_calls': 0, 'lp_calls': 0, 'deadline_calls': 0, 'declined': 0}
[38;2;138;109;59m INFO[0m pounce_algorithm::conv_check::opt_error: certifying with a dual infeasibility above dual_inf_tol: it is within the scale-relative floor set by the terms the Lagrangian gradient is built from (dual_inf_scale_kappa=0 disables) [3mdual_inf[0m[2m=[0m735.3041475094014 [3mdual_scale[0m[2m=[0m4042416876963644.5 [3mdual_inf_tol[0m[2m=[0m1.0 [3mbound[0m[2m=[0m40424168.769636445
[38;2;138;109;59m INFO[0m pounce::linesearch: theta_max raised 2.079e4 -> 2.079e6 (raise 1 of 4): 3 consecutive line searches had every trial rejected at the theta_max gate (pounce#546)
[38;2;138;109;59m INFO[0m pounce::linesearch: theta_max raised 2.079e4 -> 2.079e6 (raise 1 of 4): 3 consecutive line searches had every trial rejected at the theta_max gate (pounce#546)
[38;2;138;109;59m INFO[0m pounce::linesearch: theta_max raised 2.079e4 -> 2.079e6 (raise 1 of 4): 3 consecutive line searches had every trial rejected at the theta_max gate (pounce#546)
[38;2;138;109;59m INFO[0m pounce::linesearch: theta_max raised 2.079e4 -> 2.079e6 (raise 1 of 4): 3 consecutive line searches had every trial rejected at the theta_max gate (pounce#546)
[38;2;138;109;59m INFO[0m pounce::linesearch: theta_max raised 2.079e4 -> 2.079e6 (raise 1 of 4): 3 consecutive line searches had every trial rejected at the theta_max gate (pounce#546)
[38;2;138;109;59m INFO[0m pounce::linesearch: theta_max raised 2.079e4 -> 2.079e6 (raise 1 of 4): 3 consecutive line searches had every trial rejected at the theta_max gate (pounce#546)
[38;2;138;109;59m INFO[0m pounce::linesearch: theta_max raised 2.079e4 -> 2.079e6 (raise 1 of 4): 3 consecutive line searches had every trial rejected at the theta_max gate (pounce#546)
[38;2;138;109;59m INFO[0m pounce::linesearch: theta_max raised 2.079e4 -> 2.079e6 (raise 1 of 4): 3 consecutive line searches had every trial rejected at the theta_max gate (pounce#546)
ex1252                 on   feasible                151115.7299                  0   30.07  5.68e-14  {'stage_calls': 0, 'lp_calls': 0, 'deadline_calls': 0, 'declined': 0}
[38;2;138;109;59m INFO[0m pounce::linesearch: theta_max raised 1.000e4 -> 1.000e6 (raise 1 of 4): 3 consecutive line searches had every trial rejected at the theta_max gate (pounce#546)
ex1252a                off  feasible                131123.7759        12228.22666   30.13  2.84e-14  {'stage_calls': 0, 'lp_calls': 0, 'deadline_calls': 0, 'declined': 0}
[38;2;138;109;59m INFO[0m pounce::linesearch: theta_max raised 1.000e4 -> 1.000e6 (raise 1 of 4): 3 consecutive line searches had every trial rejected at the theta_max gate (pounce#546)
ex1252a                on   feasible                131123.7759        12228.22666   30.10  2.84e-14  {'stage_calls': 0, 'lp_calls': 0, 'deadline_calls': 0, 'declined': 0}
ex1263                 off  optimal                        19.6               19.6    1.81  3.55e-15  {'stage_calls': 0, 'lp_calls': 0, 'deadline_calls': 0, 'declined': 0}
ex1263                 on   optimal                        19.6               19.6    1.74  3.55e-15  {'stage_calls': 0, 'lp_calls': 0, 'deadline_calls': 0, 'declined': 0}
ex1264                 off  optimal                         8.6                8.6    6.76  0.00e+00  {'stage_calls': 0, 'lp_calls': 0, 'deadline_calls': 0, 'declined': 0}
ex1264                 on   optimal                         8.6                8.6    5.83  0.00e+00  {'stage_calls': 0, 'lp_calls': 0, 'deadline_calls': 0, 'declined': 0}
ex1265                 off  optimal                        10.3               10.3    2.31  0.00e+00  {'stage_calls': 0, 'lp_calls': 0, 'deadline_calls': 0, 'declined': 0}
ex1265                 on   optimal                        10.3               10.3    2.32  0.00e+00  {'stage_calls': 0, 'lp_calls': 0, 'deadline_calls': 0, 'declined': 0}
ex1266                 off  optimal                        16.3               16.3    2.34  8.88e-16  {'stage_calls': 0, 'lp_calls': 0, 'deadline_calls': 0, 'declined': 0}
ex1266                 on   optimal                        16.3               16.3    2.45  8.88e-16  {'stage_calls': 0, 'lp_calls': 0, 'deadline_calls': 0, 'declined': 0}
/home/user/discopt/python/discopt/debug/__init__.py:98: UserWarning: Variables with very large or infinite declared bounds: x1 (lb=-inf, ub=inf).  NLP solvers may fail (NaN, iteration_limit) when bounds exceed ~1e15. Add tighter explicit bounds, e.g. m.continuous('x', lb=0, ub=1000).
  return fn(*args, **kwargs)
ex14_1_9               off  optimal             1.818178041e-08                  0    0.11  0.00e+00  {'stage_calls': 0, 'lp_calls': 0, 'deadline_calls': 0, 'declined': 0}
ex14_1_9               on   optimal             1.818178041e-08                  0    0.10  0.00e+00  {'stage_calls': 0, 'lp_calls': 0, 'deadline_calls': 0, 'declined': 0}
ex8_1_1                off  optimal                -2.021806775       -2.021806797    0.59  0.00e+00  {'stage_calls': 0, 'lp_calls': 0, 'deadline_calls': 0, 'declined': 0}
ex8_1_1                on   optimal                -2.021806775       -2.021806797    0.61  0.00e+00  {'stage_calls': 0, 'lp_calls': 0, 'deadline_calls': 0, 'declined': 0}
/home/user/discopt/python/discopt/debug/__init__.py:98: UserWarning: Variables with very large or infinite declared bounds: x0 (lb=-inf, ub=inf), x1 (lb=-inf, ub=inf), x2 (lb=-inf, ub=inf), x3 (lb=-inf, ub=inf), x4 (lb=-inf, ub=inf).  NLP solvers may fail (NaN, iteration_limit) when bounds exceed ~1e15. Add tighter explicit bounds, e.g. m.continuous('x', lb=0, ub=1000).
  return fn(*args, **kwargs)
McCormick 'nlp' objective bound is not a valid dual bound for nonconvex models (issue #120); falling back to the alphaBB underestimator. Use mccormick_bounds='lp' for a valid spatial relaxation on models with continuous variables.
ex8_5_4                off  feasible            1.005890649e-06               None    0.21  4.36e-10  {'stage_calls': 0, 'lp_calls': 0, 'deadline_calls': 0, 'declined': 0}
McCormick 'nlp' objective bound is not a valid dual bound for nonconvex models (issue #120); falling back to the alphaBB underestimator. Use mccormick_bounds='lp' for a valid spatial relaxation on models with continuous variables.
ex8_5_4                on   feasible            1.005890649e-06               None    0.22  4.36e-10  {'stage_calls': 0, 'lp_calls': 0, 'deadline_calls': 0, 'declined': 0}
[38;2;138;109;59m INFO[0m pounce_algorithm::conv_check::opt_error: refusing a termination certificate masked by an extreme objective scale; continuing toward the true minimum (obj_scale_certificate_threshold=0 disables) [3mobj_scale[0m[2m=[0m3.214357036643473e-6 [3munscaled_kkt_error[0m[2m=[0m1.1700966605119427e-5 [3mscaled_nlp_error[0m[2m=[0m3.761108434269592e-11 [3mthreshold[0m[2m=[0m0.0001
[38;2;138;109;59m INFO[0m pounce_algorithm::conv_check::opt_error: refusing a termination certificate masked by an extreme objective scale; continuing toward the true minimum (obj_scale_certificate_threshold=0 disables) [3mobj_scale[0m[2m=[0m4.029983074071089e-5 [3munscaled_kkt_error[0m[2m=[0m7.621493190454635e-5 [3mscaled_nlp_error[0m[2m=[0m2.450321699162991e-10 [3mthreshold[0m[2m=[0m0.0001
[38;2;138;109;59m INFO[0m pounce_algorithm::conv_check::opt_error: refusing a termination certificate masked by an extreme objective scale; continuing toward the true minimum (obj_scale_certificate_threshold=0 disables) [3mobj_scale[0m[2m=[0m4.029983074071089e-5 [3munscaled_kkt_error[0m[2m=[0m7.077165688163474e-5 [3mscaled_nlp_error[0m[2m=[0m1.0934412178939263e-10 [3mthreshold[0m[2m=[0m0.0001
[38;2;138;109;59m INFO[0m pounce_algorithm::conv_check::opt_error: refusing a termination certificate masked by an extreme objective scale; continuing toward the true minimum (obj_scale_certificate_threshold=0 disables) [3mobj_scale[0m[2m=[0m3.837204530166686e-5 [3munscaled_kkt_error[0m[2m=[0m1.2622191603291749e-5 [3mscaled_nlp_error[0m[2m=[0m6.286190015408883e-12 [3mthreshold[0m[2m=[0m0.0001
[38;2;138;109;59m INFO[0m pounce_algorithm::conv_check::opt_error: refusing a termination certificate masked by an extreme objective scale; continuing toward the true minimum (obj_scale_certificate_threshold=0 disables) [3mobj_scale[0m[2m=[0m4.029983074071089e-5 [3munscaled_kkt_error[0m[2m=[0m7.021190724262672e-5 [3mscaled_nlp_error[0m[2m=[0m1.7936850778620932e-10 [3mthreshold[0m[2m=[0m0.0001
[38;2;138;109;59m INFO[0m pounce_algorithm::conv_check::opt_error: refusing a termination certificate masked by an extreme objective scale; continuing toward the true minimum (obj_scale_certificate_threshold=0 disables) [3mobj_scale[0m[2m=[0m3.837204530163914e-5 [3munscaled_kkt_error[0m[2m=[0m6.71853724705089e-5 [3mscaled_nlp_error[0m[2m=[0m1.3660141377259807e-10 [3mthreshold[0m[2m=[0m0.0001
[38;2;138;109;59m INFO[0m pounce_algorithm::conv_check::opt_error: refusing a termination certificate masked by an extreme objective scale; continuing toward the true minimum (obj_scale_certificate_threshold=0 disables) [3mobj_scale[0m[2m=[0m3.8372045301666835e-5 [3munscaled_kkt_error[0m[2m=[0m7.614311565572417e-5 [3mscaled_nlp_error[0m[2m=[0m3.3281118974252776e-11 [3mthreshold[0m[2m=[0m0.0001
[38;2;138;109;59m INFO[0m pounce_algorithm::conv_check::opt_error: refusing a termination certificate masked by an extreme objective scale; continuing toward the true minimum (obj_scale_certificate_threshold=0 disables) [3mobj_scale[0m[2m=[0m4.029983074071089e-5 [3munscaled_kkt_error[0m[2m=[0m7.621493190454635e-5 [3mscaled_nlp_error[0m[2m=[0m2.450321699162991e-10 [3mthreshold[0m[2m=[0m0.0001
[38;2;138;109;59m INFO[0m pounce_algorithm::conv_check::opt_error: refusing a termination certificate masked by an extreme objective scale; continuing toward the true minimum (obj_scale_certificate_threshold=0 disables) [3mobj_scale[0m[2m=[0m4.029983074071089e-5 [3munscaled_kkt_error[0m[2m=[0m7.077165688163474e-5 [3mscaled_nlp_error[0m[2m=[0m1.0934412178939263e-10 [3mthreshold[0m[2m=[0m0.0001
[38;2;138;109;59m INFO[0m pounce_algorithm::conv_check::opt_error: refusing a termination certificate masked by an extreme objective scale; continuing toward the true minimum (obj_scale_certificate_threshold=0 disables) [3mobj_scale[0m[2m=[0m3.837204530166686e-5 [3munscaled_kkt_error[0m[2m=[0m1.2622191603291749e-5 [3mscaled_nlp_error[0m[2m=[0m6.286190015408883e-12 [3mthreshold[0m[2m=[0m0.0001
[38;2;138;109;59m INFO[0m pounce_algorithm::conv_check::opt_error: refusing a termination certificate masked by an extreme objective scale; continuing toward the true minimum (obj_scale_certificate_threshold=0 disables) [3mobj_scale[0m[2m=[0m4.029983074071089e-5 [3munscaled_kkt_error[0m[2m=[0m8.332641929933697e-5 [3mscaled_nlp_error[0m[2m=[0m2.1976282278737093e-10 [3mthreshold[0m[2m=[0m0.0001
[38;2;138;109;59m INFO[0m pounce_algorithm::conv_check::opt_error: refusing a termination certificate masked by an extreme objective scale; continuing toward the true minimum (obj_scale_certificate_threshold=0 disables) [3mobj_scale[0m[2m=[0m3.068157675548111e-5 [3munscaled_kkt_error[0m[2m=[0m1.035511520851476e-5 [3mscaled_nlp_error[0m[2m=[0m1.4782053358268285e-11 [3mthreshold[0m[2m=[0m0.0001
[38;2;138;109;59m INFO[0m pounce_algorithm::conv_check::opt_error: refusing a termination certificate masked by an extreme objective scale; continuing toward the true minimum (obj_scale_certificate_threshold=0 disables) [3mobj_scale[0m[2m=[0m3.0681576755494214e-5 [3munscaled_kkt_error[0m[2m=[0m0.028631065989383565 [3mscaled_nlp_error[0m[2m=[0m9.040501330549219e-9 [3mthreshold[0m[2m=[0m0.0001
[38;2;138;109;59m INFO[0m pounce_algorithm::conv_check::opt_error: refusing a termination certificate masked by an extreme objective scale; continuing toward the true minimum (obj_scale_certificate_threshold=0 disables) [3mobj_scale[0m[2m=[0m4.029983074071089e-5 [3munscaled_kkt_error[0m[2m=[0m7.621493190454635e-5 [3mscaled_nlp_error[0m[2m=[0m2.450321699162991e-10 [3mthreshold[0m[2m=[0m0.0001
[38;2;138;109;59m INFO[0m pounce_algorithm::conv_check::opt_error: refusing a termination certificate masked by an extreme objective scale; continuing toward the true minimum (obj_scale_certificate_threshold=0 disables) [3mobj_scale[0m[2m=[0m4.029983074071089e-5 [3munscaled_kkt_error[0m[2m=[0m7.077165688163474e-5 [3mscaled_nlp_error[0m[2m=[0m1.0934412178939263e-10 [3mthreshold[0m[2m=[0m0.0001
[38;2;138;109;59m INFO[0m pounce_algorithm::conv_check::opt_error: refusing a termination certificate masked by an extreme objective scale; continuing toward the true minimum (obj_scale_certificate_threshold=0 disables) [3mobj_scale[0m[2m=[0m3.837204530166686e-5 [3munscaled_kkt_error[0m[2m=[0m1.2622191603291749e-5 [3mscaled_nlp_error[0m[2m=[0m6.286190015408883e-12 [3mthreshold[0m[2m=[0m0.0001
[38;2;138;109;59m INFO[0m pounce_algorithm::conv_check::opt_error: refusing a termination certificate masked by an extreme objective scale; continuing toward the true minimum (obj_scale_certificate_threshold=0 disables) [3mobj_scale[0m[2m=[0m4.029983074071089e-5 [3munscaled_kkt_error[0m[2m=[0m7.021190724262672e-5 [3mscaled_nlp_error[0m[2m=[0m1.7936850778620932e-10 [3mthreshold[0m[2m=[0m0.0001
[38;2;138;109;59m INFO[0m pounce_algorithm::conv_check::opt_error: refusing a termination certificate masked by an extreme objective scale; continuing toward the true minimum (obj_scale_certificate_threshold=0 disables) [3mobj_scale[0m[2m=[0m3.837204530163914e-5 [3munscaled_kkt_error[0m[2m=[0m6.71853724705089e-5 [3mscaled_nlp_error[0m[2m=[0m1.3660141377259807e-10 [3mthreshold[0m[2m=[0m0.0001
[38;2;138;109;59m INFO[0m pounce_algorithm::conv_check::opt_error: refusing a termination certificate masked by an extreme objective scale; continuing toward the true minimum (obj_scale_certificate_threshold=0 disables) [3mobj_scale[0m[2m=[0m3.8372045301666835e-5 [3munscaled_kkt_error[0m[2m=[0m7.614311565572417e-5 [3mscaled_nlp_error[0m[2m=[0m3.3281118974252776e-11 [3mthreshold[0m[2m=[0m0.0001
[38;2;138;109;59m INFO[0m pounce_algorithm::conv_check::opt_error: refusing a termination certificate masked by an extreme objective scale; continuing toward the true minimum (obj_scale_certificate_threshold=0 disables) [3mobj_scale[0m[2m=[0m4.029983074071089e-5 [3munscaled_kkt_error[0m[2m=[0m7.621493190454635e-5 [3mscaled_nlp_error[0m[2m=[0m2.450321699162991e-10 [3mthreshold[0m[2m=[0m0.0001
[38;2;138;109;59m INFO[0m pounce_algorithm::conv_check::opt_error: refusing a termination certificate masked by an extreme objective scale; continuing toward the true minimum (obj_scale_certificate_threshold=0 disables) [3mobj_scale[0m[2m=[0m4.029983074071089e-5 [3munscaled_kkt_error[0m[2m=[0m7.077165688163474e-5 [3mscaled_nlp_error[0m[2m=[0m1.0934412178939263e-10 [3mthreshold[0m[2m=[0m0.0001
[38;2;138;109;59m INFO[0m pounce_algorithm::conv_check::opt_error: refusing a termination certificate masked by an extreme objective scale; continuing toward the true minimum (obj_scale_certificate_threshold=0 disables) [3mobj_scale[0m[2m=[0m3.837204530166686e-5 [3munscaled_kkt_error[0m[2m=[0m1.2622191603291749e-5 [3mscaled_nlp_error[0m[2m=[0m6.286190015408883e-12 [3mthreshold[0m[2m=[0m0.0001
[38;2;138;109;59m INFO[0m pounce_algorithm::conv_check::opt_error: refusing a termination certificate masked by an extreme objective scale; continuing toward the true minimum (obj_scale_certificate_threshold=0 disables) [3mobj_scale[0m[2m=[0m4.029983074071089e-5 [3munscaled_kkt_error[0m[2m=[0m7.621493190454635e-5 [3mscaled_nlp_error[0m[2m=[0m2.450321699162991e-10 [3mthreshold[0m[2m=[0m0.0001
[38;2;138;109;59m INFO[0m pounce_algorithm::conv_check::opt_error: refusing a termination certificate masked by an extreme objective scale; continuing toward the true minimum (obj_scale_certificate_threshold=0 disables) [3mobj_scale[0m[2m=[0m4.029983074071089e-5 [3munscaled_kkt_error[0m[2m=[0m7.077165688163474e-5 [3mscaled_nlp_error[0m[2m=[0m1.0934412178939263e-10 [3mthreshold[0m[2m=[0m0.0001
[38;2;138;109;59m INFO[0m pounce_algorithm::conv_check::opt_error: refusing a termination certificate masked by an extreme objective scale; continuing toward the true minimum (obj_scale_certificate_threshold=0 disables) [3mobj_scale[0m[2m=[0m3.837204530166686e-5 [3munscaled_kkt_error[0m[2m=[0m1.2622191603291749e-5 [3mscaled_nlp_error[0m[2m=[0m6.286190015408883e-12 [3mthreshold[0m[2m=[0m0.0001
[38;2;138;109;59m INFO[0m pounce_algorithm::conv_check::opt_error: refusing a termination certificate masked by an extreme objective scale; continuing toward the true minimum (obj_scale_certificate_threshold=0 disables) [3mobj_scale[0m[2m=[0m4.029983074071089e-5 [3munscaled_kkt_error[0m[2m=[0m7.621493190454635e-5 [3mscaled_nlp_error[0m[2m=[0m2.450321699162991e-10 [3mthreshold[0m[2m=[0m0.0001
[38;2;138;109;59m INFO[0m pounce_algorithm::conv_check::opt_error: refusing a termination certificate masked by an extreme objective scale; continuing toward the true minimum (obj_scale_certificate_threshold=0 disables) [3mobj_scale[0m[2m=[0m4.029983074071089e-5 [3munscaled_kkt_error[0m[2m=[0m6.92859225339452e-5 [3mscaled_nlp_error[0m[2m=[0m8.647115134594793e-11 [3mthreshold[0m[2m=[0m0.0001
[38;2;138;109;59m INFO[0m pounce_algorithm::conv_check::opt_error: refusing a termination certificate masked by an extreme objective scale; continuing toward the true minimum (obj_scale_certificate_threshold=0 disables) [3mobj_scale[0m[2m=[0m3.893589550472298e-5 [3munscaled_kkt_error[0m[2m=[0m1.95015745681889e-5 [3mscaled_nlp_error[0m[2m=[0m7.1221876452147915e-12 [3mthreshold[0m[2m=[0m0.0001
[38;2;138;109;59m INFO[0m pounce_algorithm::conv_check::opt_error: refusing a termination certificate masked by an extreme objective scale; continuing toward the true minimum (obj_scale_certificate_threshold=0 disables) [3mobj_scale[0m[2m=[0m4.029983074071089e-5 [3munscaled_kkt_error[0m[2m=[0m7.621493190454635e-5 [3mscaled_nlp_error[0m[2m=[0m2.450321699162991e-10 [3mthreshold[0m[2m=[0m0.0001
[38;2;138;109;59m INFO[0m pounce_algorithm::conv_check::opt_error: refusing a termination certificate masked by an extreme objective scale; continuing toward the true minimum (obj_scale_certificate_threshold=0 disables) [3mobj_scale[0m[2m=[0m4.029983074071089e-5 [3munscaled_kkt_error[0m[2m=[0m6.640982099778081e-5 [3mscaled_nlp_error[0m[2m=[0m1.0079606583866537e-10 [3mthreshold[0m[2m=[0m0.0001
[38;2;138;109;59m INFO[0m pounce_algorithm::conv_check::opt_error: refusing a termination certificate masked by an extreme objective scale; continuing toward the true minimum (obj_scale_certificate_threshold=0 disables) [3mobj_scale[0m[2m=[0m3.068157675549422e-5 [3munscaled_kkt_error[0m[2m=[0m1.5762675391004363e-5 [3mscaled_nlp_error[0m[2m=[0m5.360374393164596e-12 [3mthreshold[0m[2m=[0m0.0001
[38;2;138;109;59m INFO[0m pounce_algorithm::conv_check::opt_error: refusing a termination certificate masked by an extreme objective scale; continuing toward the true minimum (obj_scale_certificate_threshold=0 disables) [3mobj_scale[0m[2m=[0m4.029983074071089e-5 [3munscaled_kkt_error[0m[2m=[0m7.621493190454635e-5 [3mscaled_nlp_error[0m[2m=[0m2.450321699162991e-10 [3mthreshold[0m[2m=[0m0.0001
[38;2;138;109;59m INFO[0m pounce_algorithm::conv_check::opt_error: refusing a termination certificate masked by an extreme objective scale; continuing toward the true minimum (obj_scale_certificate_threshold=0 disables) [3mobj_scale[0m[2m=[0m4.029983074071089e-5 [3munscaled_kkt_error[0m[2m=[0m7.077165688163474e-5 [3mscaled_nlp_error[0m[2m=[0m1.0934412178939263e-10 [3mthreshold[0m[2m=[0m0.0001
[38;2;138;109;59m INFO[0m pounce_algorithm::conv_check::opt_error: refusing a termination certificate masked by an extreme objective scale; continuing toward the true minimum (obj_scale_certificate_threshold=0 disables) [3mobj_scale[0m[2m=[0m3.837204530166686e-5 [3munscaled_kkt_error[0m[2m=[0m1.1858016287106565e-5 [3mscaled_nlp_error[0m[2m=[0m4.250177686057652e-12 [3mthreshold[0m[2m=[0m0.0001
[38;2;138;109;59m INFO[0m pounce_algorithm::conv_check::opt_error: refusing a termination certificate masked by an extreme objective scale; continuing toward the true minimum (obj_scale_certificate_threshold=0 disables) [3mobj_scale[0m[2m=[0m4.029983074071089e-5 [3munscaled_kkt_error[0m[2m=[0m7.021190724262672e-5 [3mscaled_nlp_error[0m[2m=[0m1.7936850778620932e-10 [3mthreshold[0m[2m=[0m0.0001
[38;2;138;109;59m INFO[0m pounce_algorithm::conv_check::opt_error: refusing a termination certificate masked by an extreme objective scale; continuing toward the true minimum (obj_scale_certificate_threshold=0 disables) [3mobj_scale[0m[2m=[0m3.837204530163914e-5 [3munscaled_kkt_error[0m[2m=[0m7.863968250860225e-5 [3mscaled_nlp_error[0m[2m=[0m8.06316755383566e-11 [3mthreshold[0m[2m=[0m0.0001
[38;2;138;109;59m INFO[0m pounce_algorithm::conv_check::opt_error: refusing a termination certificate masked by an extreme objective scale; continuing toward the true minimum (obj_scale_certificate_threshold=0 disables) [3mobj_scale[0m[2m=[0m3.068157675549648e-5 [3munscaled_kkt_error[0m[2m=[0m1.2826238440270175e-5 [3mscaled_nlp_error[0m[2m=[0m3.948184603660073e-12 [3mthreshold[0m[2m=[0m0.0001
[38;2;138;109;59m INFO[0m pounce_algorithm::conv_check::opt_error: refusing a termination certificate masked by an extreme objective scale; continuing toward the true minimum (obj_scale_certificate_threshold=0 disables) [3mobj_scale[0m[2m=[0m4.029983074071089e-5 [3munscaled_kkt_error[0m[2m=[0m7.621493190454635e-5 [3mscaled_nlp_error[0m[2m=[0m2.450321699162991e-10 [3mthreshold[0m[2m=[0m0.0001
[38;2;138;109;59m INFO[0m pounce_algorithm::conv_check::opt_error: refusing a termination certificate masked by an extreme objective scale; continuing toward the true minimum (obj_scale_certificate_threshold=0 disables) [3mobj_scale[0m[2m=[0m4.029983074071089e-5 [3munscaled_kkt_error[0m[2m=[0m6.92859225339452e-5 [3mscaled_nlp_error[0m[2m=[0m8.647115134594793e-11 [3mthreshold[0m[2m=[0m0.0001
[38;2;138;109;59m INFO[0m pounce_algorithm::conv_check::opt_error: refusing a termination certificate masked by an extreme objective scale; continuing toward the true minimum (obj_scale_certificate_threshold=0 disables) [3mobj_scale[0m[2m=[0m3.893589550472298e-5 [3munscaled_kkt_error[0m[2m=[0m1.1370311922153318e-5 [3mscaled_nlp_error[0m[2m=[0m3.4154482769697042e-12 [3mthreshold[0m[2m=[0m0.0001
[38;2;138;109;59m INFO[0m pounce_algorithm::conv_check::opt_error: refusing a termination certificate masked by an extreme objective scale; continuing toward the true minimum (obj_scale_certificate_threshold=0 disables) [3mobj_scale[0m[2m=[0m4.029983074071089e-5 [3munscaled_kkt_error[0m[2m=[0m7.621493190454635e-5 [3mscaled_nlp_error[0m[2m=[0m2.450321699162991e-10 [3mthreshold[0m[2m=[0m0.0001
[38;2;138;109;59m INFO[0m pounce_algorithm::conv_check::opt_error: refusing a termination certificate masked by an extreme objective scale; continuing toward the true minimum (obj_scale_certificate_threshold=0 disables) [3mobj_scale[0m[2m=[0m4.029983074071089e-5 [3munscaled_kkt_error[0m[2m=[0m7.077165688163474e-5 [3mscaled_nlp_error[0m[2m=[0m1.0934412178939263e-10 [3mthreshold[0m[2m=[0m0.0001
[38;2;138;109;59m INFO[0m pounce_algorithm::conv_check::opt_error: refusing a termination certificate masked by an extreme objective scale; continuing toward the true minimum (obj_scale_certificate_threshold=0 disables) [3mobj_scale[0m[2m=[0m3.837204530166686e-5 [3munscaled_kkt_error[0m[2m=[0m1.142275247518954e-5 [3mscaled_nlp_error[0m[2m=[0m3.8229826368666586e-12 [3mthreshold[0m[2m=[0m0.0001
[38;2;138;109;59m INFO[0m pounce_algorithm::conv_check::opt_error: refusing a termination certificate masked by an extreme objective scale; continuing toward the true minimum (obj_scale_certificate_threshold=0 disables) [3mobj_scale[0m[2m=[0m4.029983074071089e-5 [3munscaled_kkt_error[0m[2m=[0m8.332641929933697e-5 [3mscaled_nlp_error[0m[2m=[0m2.1976282278737093e-10 [3mthreshold[0m[2m=[0m0.0001
[38;2;138;109;59m INFO[0m pounce_algorithm::conv_check::opt_error: refusing a termination certificate masked by an extreme objective scale; continuing toward the true minimum (obj_scale_certificate_threshold=0 disables) [3mobj_scale[0m[2m=[0m3.068157675548111e-5 [3munscaled_kkt_error[0m[2m=[0m1.0904142273503154e-5 [3mscaled_nlp_error[0m[2m=[0m8.203673934843634e-12 [3mthreshold[0m[2m=[0m0.0001
[38;2;138;109;59m INFO[0m pounce_algorithm::conv_check::opt_error: refusing a termination certificate masked by an extreme objective scale; continuing toward the true minimum (obj_scale_certificate_threshold=0 disables) [3mobj_scale[0m[2m=[0m3.068157675549645e-5 [3munscaled_kkt_error[0m[2m=[0m1.2172565072389892e-5 [3mscaled_nlp_error[0m[2m=[0m5.8691673508711494e-12 [3mthreshold[0m[2m=[0m0.0001
[38;2;138;109;59m INFO[0m pounce_algorithm::conv_check::opt_error: refusing a termination certificate masked by an extreme objective scale; continuing toward the true minimum (obj_scale_certificate_threshold=0 disables) [3mobj_scale[0m[2m=[0m4.029983074071089e-5 [3munscaled_kkt_error[0m[2m=[0m8.332641929933697e-5 [3mscaled_nlp_error[0m[2m=[0m2.1976282278737093e-10 [3mthreshold[0m[2m=[0m0.0001
[38;2;138;109;59m INFO[0m pounce_algorithm::conv_check::opt_error: refusing a termination certificate masked by an extreme objective scale; continuing toward the true minimum (obj_scale_certificate_threshold=0 disables) [3mobj_scale[0m[2m=[0m3.068157675548111e-5 [3munscaled_kkt_error[0m[2m=[0m1.0904142273503154e-5 [3mscaled_nlp_error[0m[2m=[0m8.203673934843634e-12 [3mthreshold[0m[2m=[0m0.0001
[38;2;138;109;59m INFO[0m pounce_algorithm::conv_check::opt_error: refusing a termination certificate masked by an extreme objective scale; continuing toward the true minimum (obj_scale_certificate_threshold=0 disables) [3mobj_scale[0m[2m=[0m3.068157675549645e-5 [3munscaled_kkt_error[0m[2m=[0m1.2172565072389892e-5 [3mscaled_nlp_error[0m[2m=[0m5.8691673508711494e-12 [3mthreshold[0m[2m=[0m0.0001
[38;2;138;109;59m INFO[0m pounce_algorithm::conv_check::opt_error: refusing a termination certificate masked by an extreme objective scale; continuing toward the true minimum (obj_scale_certificate_threshold=0 disables) [3mobj_scale[0m[2m=[0m4.029983074071089e-5 [3munscaled_kkt_error[0m[2m=[0m7.621493190454635e-5 [3mscaled_nlp_error[0m[2m=[0m2.450321699162991e-10 [3mthreshold[0m[2m=[0m0.0001
[38;2;138;109;59m INFO[0m pounce_algorithm::conv_check::opt_error: refusing a termination certificate masked by an extreme objective scale; continuing toward the true minimum (obj_scale_certificate_threshold=0 disables) [3mobj_scale[0m[2m=[0m4.029983074071089e-5 [3munscaled_kkt_error[0m[2m=[0m6.640982099778081e-5 [3mscaled_nlp_error[0m[2m=[0m1.0079606583866537e-10 [3mthreshold[0m[2m=[0m0.0001
[38;2;138;109;59m INFO[0m pounce_algorithm::conv_check::opt_error: refusing a termination certificate masked by an extreme objective scale; continuing toward the true minimum (obj_scale_certificate_threshold=0 disables) [3mobj_scale[0m[2m=[0m4.029983074071089e-5 [3munscaled_kkt_error[0m[2m=[0m8.346063205332742e-5 [3mscaled_nlp_error[0m[2m=[0m3.363449345261845e-9 [3mthreshold[0m[2m=[0m0.0001
[38;2;138;109;59m INFO[0m pounce_algorithm::conv_check::opt_error: refusing a termination certificate masked by an extreme objective scale; continuing toward the true minimum (obj_scale_certificate_threshold=0 disables) [3mobj_scale[0m[2m=[0m4.029983074071089e-5 [3munscaled_kkt_error[0m[2m=[0m7.89654936598405e-5 [3mscaled_nlp_error[0m[2m=[0m3.1822960288482515e-9 [3mthreshold[0m[2m=[0m0.0001
[38;2;138;109;59m INFO[0m pounce_algorithm::conv_check::opt_error: refusing a termination certificate masked by an extreme objective scale; continuing toward the true minimum (obj_scale_certificate_threshold=0 disables) [3mobj_scale[0m[2m=[0m4.029983074071089e-5 [3munscaled_kkt_error[0m[2m=[0m6.238380626284386e-5 [3mscaled_nlp_error[0m[2m=[0m1.6337926584670706e-10 [3mthreshold[0m[2m=[0m0.0001
[38;2;138;109;59m INFO[0m pounce_algorithm::conv_check::opt_error: refusing a termination certificate masked by an extreme objective scale; continuing toward the true minimum (obj_scale_certificate_threshold=0 disables) [3mobj_scale[0m[2m=[0m4.029983074071089e-5 [3munscaled_kkt_error[0m[2m=[0m6.377699572358192e-5 [3mscaled_nlp_error[0m[2m=[0m1.6975149950806227e-10 [3mthreshold[0m[2m=[0m0.0001
[38;2;138;109;59m INFO[0m pounce_algorithm::conv_check::opt_error: refusing a termination certificate masked by an extreme objective scale; continuing toward the true minimum (obj_scale_certificate_threshold=0 disables) [3mobj_scale[0m[2m=[0m3.893589550473299e-5 [3munscaled_kkt_error[0m[2m=[0m1.133314125088596e-5 [3mscaled_nlp_error[0m[2m=[0m4.170121306435539e-12 [3mthreshold[0m[2m=[0m0.0001
[38;2;138;109;59m INFO[0m pounce_algorithm::conv_check::opt_error: refusing a termination certificate masked by an extreme objective scale; continuing toward the true minimum (obj_scale_certificate_threshold=0 disables) [3mobj_scale[0m[2m=[0m4.637229533587453e-5 [3munscaled_kkt_error[0m[2m=[0m2.2564344024729497e-5 [3mscaled_nlp_error[0m[2m=[0m1.046360425175032e-9 [3mthreshold[0m[2m=[0m0.0001
[38;2;138;109;59m INFO[0m pounce_algorithm::conv_check::opt_error: refusing a termination certificate masked by an extreme objective scale; continuing toward the true minimum (obj_scale_certificate_threshold=0 disables) [3mobj_scale[0m[2m=[0m4.029983074071089e-5 [3munscaled_kkt_error[0m[2m=[0m8.521875168440748e-5 [3mscaled_nlp_error[0m[2m=[0m3.4343012688162926e-9 [3mthreshold[0m[2m=[0m0.0001
[38;2;138;109;59m INFO[0m pounce_algorithm::conv_check::opt_error: refusing a termination certificate masked by an extreme objective scale; continuing toward the true minimum (obj_scale_certificate_threshold=0 disables) [3mobj_scale[0m[2m=[0m3.068173540358408e-5 [3munscaled_kkt_error[0m[2m=[0m2.4625702905493175e-5 [3mscaled_nlp_error[0m[2m=[0m7.555593006736132e-10 [3mthreshold[0m[2m=[0m0.0001
[38;2;138;109;59m INFO[0m pounce_algorithm::conv_check::opt_error: refusing a termination certificate masked by an extreme objective scale; continuing toward the true minimum (obj_scale_certificate_threshold=0 disables) [3mobj_scale[0m[2m=[0m3.068157675550582e-5 [3munscaled_kkt_error[0m[2m=[0m1.8392068358975598e-5 [3mscaled_nlp_error[0m[2m=[0m5.642976570484198e-10 [3mthreshold[0m[2m=[0m0.0001
[38;2;138;109;59m INFO[0m pounce_algorithm::conv_check::opt_error: refusing a termination certificate masked by an extreme objective scale; continuing toward the true minimum (obj_scale_certificate_threshold=0 disables) [3mobj_scale[0m[2m=[0m4.637229533587453e-5 [3munscaled_kkt_error[0m[2m=[0m0.013575612136967409 [3mscaled_nlp_error[0m[2m=[0m1.000573445495457e-12 [3mthreshold[0m[2m=[0m0.0001
[38;2;138;109;59m INFO[0m pounce_algorithm::conv_check::opt_error: refusing a termination certificate masked by an extreme objective scale; continuing toward the true minimum (obj_scale_certificate_threshold=0 disables) [3mobj_scale[0m[2m=[0m4.637229533587453e-5 [3munscaled_kkt_error[0m[2m=[0m0.00017213218938877013 [3mscaled_nlp_error[0m[2m=[0m3.4919303220826575e-13 [3mthreshold[0m[2m=[0m0.0001
[38;2;138;109;59m INFO[0m pounce_algorithm::conv_check::opt_error: refusing a termination certificate masked by an extreme objective scale; continuing toward the true minimum (obj_scale_certificate_threshold=0 disables) [3mobj_scale[0m[2m=[0m4.637229533587453e-5 [3munscaled_kkt_error[0m[2m=[0m0.02337323898513886 [3mscaled_nlp_error[0m[2m=[0m1.251910855043271e-12 [3mthreshold[0m[2m=[0m0.0001
[38;2;138;109;59m INFO[0m pounce_algorithm::conv_check::opt_error: refusing a termination certificate masked by an extreme objective scale; continuing toward the true minimum (obj_scale_certificate_threshold=0 disables) [3mobj_scale[0m[2m=[0m3.893589550473302e-5 [3munscaled_kkt_error[0m[2m=[0m0.23581379290104484 [3mscaled_nlp_error[0m[2m=[0m7.521533815824049e-13 [3mthreshold[0m[2m=[0m0.0001
[38;2;138;109;59m INFO[0m pounce_algorithm::conv_check::opt_error: refusing a termination certificate masked by an extreme objective scale; continuing toward the true minimum (obj_scale_certificate_threshold=0 disables) [3mobj_scale[0m[2m=[0m3.068173540358248e-5 [3munscaled_kkt_error[0m[2m=[0m2.302601211448591e-5 [3mscaled_nlp_error[0m[2m=[0m7.064780110963414e-10 [3mthreshold[0m[2m=[0m0.0001
[38;2;138;109;59m INFO[0m pounce_algorithm::conv_check::opt_error: refusing a termination certificate masked by an extreme objective scale; continuing toward the true minimum (obj_scale_certificate_threshold=0 disables) [3mobj_scale[0m[2m=[0m3.837204530169272e-5 [3munscaled_kkt_error[0m[2m=[0m6.79347504781314e-5 [3mscaled_nlp_error[0m[2m=[0m2.6067953229060492e-9 [3mthreshold[0m[2m=[0m0.0001
[38;2;138;109;59m INFO[0m pounce_algorithm::conv_check::opt_error: refusing a termination certificate masked by an extreme objective scale; continuing toward the true minimum (obj_scale_certificate_threshold=0 disables) [3mobj_scale[0m[2m=[0m3.837204530169272e-5 [3munscaled_kkt_error[0m[2m=[0m7.171127088263485e-5 [3mscaled_nlp_error[0m[2m=[0m2.7517081349504224e-9 [3mthreshold[0m[2m=[0m0.0001
[38;2;138;109;59m INFO[0m pounce_algorithm::conv_check::opt_error: refusing a termination certificate masked by an extreme objective scale; continuing toward the true minimum (obj_scale_certificate_threshold=0 disables) [3mobj_scale[0m[2m=[0m4.637229533587453e-5 [3munscaled_kkt_error[0m[2m=[0m5.492526461790813e-5 [3mscaled_nlp_error[0m[2m=[0m2.5470105922626957e-9 [3mthreshold[0m[2m=[0m0.0001
[38;2;138;109;59m INFO[0m pounce_algorithm::conv_check::opt_error: refusing a termination certificate masked by an extreme objective scale; continuing toward the true minimum (obj_scale_certificate_threshold=0 disables) [3mobj_scale[0m[2m=[0m4.637229533587453e-5 [3munscaled_kkt_error[0m[2m=[0m7.44242627547812e-5 [3mscaled_nlp_error[0m[2m=[0m3.4512238926194405e-9 [3mthreshold[0m[2m=[0m0.0001
[38;2;138;109;59m INFO[0m pounce_algorithm::conv_check::opt_error: refusing a termination certificate masked by an extreme objective scale; continuing toward the true minimum (obj_scale_certificate_threshold=0 disables) [3mobj_scale[0m[2m=[0m3.0681576755505876e-5 [3munscaled_kkt_error[0m[2m=[0m2.4408822980825226e-5 [3mscaled_nlp_error[0m[2m=[0m8.333256707462967e-9 [3mthreshold[0m[2m=[0m0.0001
[38;2;138;109;59m INFO[0m pounce_algorithm::conv_check::opt_error: refusing a termination certificate masked by an extreme objective scale; continuing toward the true minimum (obj_scale_certificate_threshold=0 disables) [3mobj_scale[0m[2m=[0m3.0681576755505876e-5 [3munscaled_kkt_error[0m[2m=[0m2.3841511321694008e-5 [3mscaled_nlp_error[0m[2m=[0m6.750308421804954e-10 [3mthreshold[0m[2m=[0m0.0001
[38;2;138;109;59m INFO[0m pounce_algorithm::conv_check::opt_error: refusing a termination certificate masked by an extreme objective scale; continuing toward the true minimum (obj_scale_certificate_threshold=0 disables) [3mobj_scale[0m[2m=[0m3.068157675550422e-5 [3munscaled_kkt_error[0m[2m=[0m2.153455040098549e-5 [3mscaled_nlp_error[0m[2m=[0m6.607139610231106e-10 [3mthreshold[0m[2m=[0m0.0001
[38;2;138;109;59m INFO[0m pounce_algorithm::conv_check::opt_error: refusing a termination certificate masked by an extreme objective scale; continuing toward the true minimum (obj_scale_certificate_threshold=0 disables) [3mobj_scale[0m[2m=[0m3.0681576755504236e-5 [3munscaled_kkt_error[0m[2m=[0m2.219316368458907e-5 [3mscaled_nlp_error[0m[2m=[0m6.809212550361887e-10 [3mthreshold[0m[2m=[0m0.0001
[38;2;138;109;59m INFO[0m pounce_algorithm::conv_check::opt_error: refusing a termination certificate masked by an extreme objective scale; continuing toward the true minimum (obj_scale_certificate_threshold=0 disables) [3mobj_scale[0m[2m=[0m3.446086427451595e-5 [3munscaled_kkt_error[0m[2m=[0m2.4123941942730933e-5 [3mscaled_nlp_error[0m[2m=[0m8.313318890547532e-10 [3mthreshold[0m[2m=[0m0.0001
[38;2;138;109;59m INFO[0m pounce_algorithm::conv_check::opt_error: refusing a termination certificate masked by an extreme objective scale; continuing toward the true minimum (obj_scale_certificate_threshold=0 disables) [3mobj_scale[0m[2m=[0m4.637229533587453e-5 [3munscaled_kkt_error[0m[2m=[0m7.110773425971849e-5 [3mscaled_nlp_error[0m[2m=[0m3.2974288537565497e-9 [3mthreshold[0m[2m=[0m0.0001
[38;2;138;109;59m INFO[0m pounce_algorithm::conv_check::opt_error: refusing a termination certificate masked by an extreme objective scale; continuing toward the true minimum (obj_scale_certificate_threshold=0 disables) [3mobj_scale[0m[2m=[0m3.837204530169073e-5 [3munscaled_kkt_error[0m[2m=[0m1.6340536930397824e-5 [3mscaled_nlp_error[0m[2m=[0m6.270198233471757e-10 [3mthreshold[0m[2m=[0m0.0001
[38;2;138;109;59m INFO[0m pounce_algorithm::conv_check::opt_error: refusing a termination certificate masked by an extreme objective scale; continuing toward the true minimum (obj_scale_certificate_threshold=0 disables) [3mobj_scale[0m[2m=[0m3.068157675550452e-5 [3munscaled_kkt_error[0m[2m=[0m9.335037620805636e-5 [3mscaled_nlp_error[0m[2m=[0m2.8641367327827043e-9 [3mthreshold[0m[2m=[0m0.0001
[38;2;138;109;59m INFO[0m pounce_algorithm::conv_check::opt_error: refusing a termination certificate masked by an extreme objective scale; continuing toward the true minimum (obj_scale_certificate_threshold=0 disables) [3mobj_scale[0m[2m=[0m3.893589550472897e-5 [3munscaled_kkt_error[0m[2m=[0m8.709612474855866e-5 [3mscaled_nlp_error[0m[2m=[0m8.33306077739578e-9 [3mthreshold[0m[2m=[0m0.0001
[38;2;138;109;59m INFO[0m pounce_algorithm::conv_check::opt_error: refusing a termination certificate masked by an extreme objective scale; continuing toward the true minimum (obj_scale_certificate_threshold=0 disables) [3mobj_scale[0m[2m=[0m3.445043938095067e-5 [3munscaled_kkt_error[0m[2m=[0m7.834530562466861e-5 [3mscaled_nlp_error[0m[2m=[0m2.6990302022046994e-9 [3mthreshold[0m[2m=[0m0.0001
[38;2;138;109;59m INFO[0m pounce_algorithm::conv_check::opt_error: refusing a termination certificate masked by an extreme objective scale; continuing toward the true minimum (obj_scale_certificate_threshold=0 disables) [3mobj_scale[0m[2m=[0m4.637229533587453e-5 [3munscaled_kkt_error[0m[2m=[0m7.969465847446991e-5 [3mscaled_nlp_error[0m[2m=[0m3.695624239469775e-9 [3mthreshold[0m[2m=[0m0.0001
[38;2;138;109;59m INFO[0m pounce_algorithm::conv_check::opt_error: refusing a termination certificate masked by an extreme objective scale; continuing toward the true minimum (obj_scale_certificate_threshold=0 disables) [3mobj_scale[0m[2m=[0m3.893589550472897e-5 [3munscaled_kkt_error[0m[2m=[0m9.393071468146428e-5 [3mscaled_nlp_error[0m[2m=[0m3.6572764915220048e-9 [3mthreshold[0m[2m=[0m0.0001
[38;2;138;109;59m INFO[0m pounce_algorithm::conv_check::opt_error: refusing a termination certificate masked by an extreme objective scale; continuing toward the true minimum (obj_scale_certificate_threshold=0 disables) [3mobj_scale[0m[2m=[0m3.837204530169073e-5 [3munscaled_kkt_error[0m[2m=[0m1.6826223562400117e-5 [3mscaled_nlp_error[0m[2m=[0m6.456566127927932e-10 [3mthreshold[0m[2m=[0m0.0001
[38;2;138;109;59m INFO[0m pounce_algorithm::conv_check::opt_error: refusing a termination certificate masked by an extreme objective scale; continuing toward the true minimum (obj_scale_certificate_threshold=0 disables) [3mobj_scale[0m[2m=[0m3.068157675550452e-5 [3munscaled_kkt_error[0m[2m=[0m1.996926614572932e-5 [3mscaled_nlp_error[0m[2m=[0m6.126885720012921e-10 [3mthreshold[0m[2m=[0m0.0001
[38;2;138;109;59m INFO[0m pounce_algorithm::conv_check::opt_error: refusing a termination certificate masked by an extreme objective scale; continuing toward the true minimum (obj_scale_certificate_threshold=0 disables) [3mobj_scale[0m[2m=[0m3.0681576755504236e-5 [3munscaled_kkt_error[0m[2m=[0m8.394307658876436e-5 [3mscaled_nlp_error[0m[2m=[0m2.5755059474513443e-9 [3mthreshold[0m[2m=[0m0.0001
[38;2;138;109;59m INFO[0m pounce_algorithm::conv_check::opt_error: refusing a termination certificate masked by an extreme objective scale; continuing toward the true minimum (obj_scale_certificate_threshold=0 disables) [3mobj_scale[0m[2m=[0m3.893589550472897e-5 [3munscaled_kkt_error[0m[2m=[0m0.0009148843678788363 [3mscaled_nlp_error[0m[2m=[0m4.269320529006455e-13 [3mthreshold[0m[2m=[0m0.0001
[38;2;138;109;59m INFO[0m pounce_algorithm::conv_check::opt_error: refusing a termination certificate masked by an extreme objective scale; continuing toward the true minimum (obj_scale_certificate_threshold=0 disables) [3mobj_scale[0m[2m=[0m4.637229533587453e-5 [3munscaled_kkt_error[0m[2m=[0m0.0006200515892036108 [3mscaled_nlp_error[0m[2m=[0m7.865007304525901e-13 [3mthreshold[0m[2m=[0m0.0001
[38;2;138;109;59m INFO[0m pounce_algorithm::conv_check::opt_error: refusing a termination certificate masked by an extreme objective scale; continuing toward the true minimum (obj_scale_certificate_threshold=0 disables) [3mobj_scale[0m[2m=[0m3.0681576755494356e-5 [3munscaled_kkt_error[0m[2m=[0m31.82895279526536 [3mscaled_nlp_error[0m[2m=[0m4.337118138311555e-13 [3mthreshold[0m[2m=[0m0.0001
[38;2;138;109;59m INFO[0m pounce_algorithm::conv_check::opt_error: refusing a termination certificate masked by an extreme objective scale; continuing toward the true minimum (obj_scale_certificate_threshold=0 disables) [3mobj_scale[0m[2m=[0m3.4461187321088776e-5 [3munscaled_kkt_error[0m[2m=[0m9.259974974793885e-5 [3mscaled_nlp_error[0m[2m=[0m3.191097321949664e-9 [3mthreshold[0m[2m=[0m0.0001
[38;2;138;109;59m INFO[0m pounce_algorithm::conv_check::opt_error: refusing a termination certificate masked by an extreme objective scale; continuing toward the true minimum (obj_scale_certificate_threshold=0 disables) [3mobj_scale[0m[2m=[0m3.4455883231509687e-5 [3munscaled_kkt_error[0m[2m=[0m1.671899441062818e-5 [3mscaled_nlp_error[0m[2m=[0m5.760677191608677e-10 [3mthreshold[0m[2m=[0m0.0001
[38;2;138;109;59m INFO[0m pounce_algorithm::conv_check::opt_error: refusing a termination certificate masked by an extreme objective scale; continuing toward the true minimum (obj_scale_certificate_threshold=0 disables) [3mobj_scale[0m[2m=[0m3.893589550472897e-5 [3munscaled_kkt_error[0m[2m=[0m9.988730321995343e-5 [3mscaled_nlp_error[0m[2m=[0m3.889201600421285e-9 [3mthreshold[0m[2m=[0m0.0001
[38;2;138;109;59m INFO[0m pounce_algorithm::conv_check::opt_error: refusing a termination certificate masked by an extreme objective scale; continuing toward the true minimum (obj_scale_certificate_threshold=0 disables) [3mobj_scale[0m[2m=[0m3.893589550472897e-5 [3munscaled_kkt_error[0m[2m=[0m1.5436377870971214e-5 [3mscaled_nlp_error[0m[2m=[0m6.010291957556458e-10 [3mthreshold[0m[2m=[0m0.0001
[38;2;138;109;59m INFO[0m pounce_algorithm::conv_check::opt_error: refusing a termination certificate masked by an extreme objective scale; continuing toward the true minimum (obj_scale_certificate_threshold=0 disables) [3mobj_scale[0m[2m=[0m3.4454889350557634e-5 [3munscaled_kkt_error[0m[2m=[0m7.429402025904408e-5 [3mscaled_nlp_error[0m[2m=[0m2.559792247433451e-9 [3mthreshold[0m[2m=[0m0.0001
[38;2;138;109;59m INFO[0m pounce_algorithm::conv_check::opt_error: refusing a termination certificate masked by an extreme objective scale; continuing toward the true minimum (obj_scale_certificate_threshold=0 disables) [3mobj_scale[0m[2m=[0m3.0681576755504446e-5 [3munscaled_kkt_error[0m[2m=[0m1.313059312997327e-5 [3mscaled_nlp_error[0m[2m=[0m8.333302650140327e-9 [3mthreshold[0m[2m=[0m0.0001
[38;2;138;109;59m INFO[0m pounce_algorithm::conv_check::opt_error: refusing a termination certificate masked by an extreme objective scale; continuing toward the true minimum (obj_scale_certificate_threshold=0 disables) [3mobj_scale[0m[2m=[0m3.4450161220066936e-5 [3munscaled_kkt_error[0m[2m=[0m0.0001952755146178305 [3mscaled_nlp_error[0m[2m=[0m3.0047264655114177e-8 [3mthreshold[0m[2m=[0m0.0001
[38;2;138;109;59m INFO[0m pounce_algorithm::conv_check::opt_error: refusing a termination certificate masked by an extreme objective scale; continuing toward the true minimum (obj_scale_certificate_threshold=0 disables) [3mobj_scale[0m[2m=[0m3.0681576755504446e-5 [3munscaled_kkt_error[0m[2m=[0m2.08549967112058e-5 [3mscaled_nlp_error[0m[2m=[0m6.398641823306535e-10 [3mthreshold[0m[2m=[0m0.0001
[38;2;138;109;59m INFO[0m pounce_algorithm::conv_check::opt_error: refusing a termination certificate masked by an extreme objective scale; continuing toward the true minimum (obj_scale_certificate_threshold=0 disables) [3mobj_scale[0m[2m=[0m3.068157675550451e-5 [3munscaled_kkt_error[0m[2m=[0m9.459779712835371e-5 [3mscaled_nlp_error[0m[2m=[0m2.902409573495228e-9 [3mthreshold[0m[2m=[0m0.0001
[38;2;138;109;59m INFO[0m pounce_algorithm::conv_check::opt_error: refusing a termination certificate masked by an extreme objective scale; continuing toward the true minimum (obj_scale_certificate_threshold=0 disables) [3mobj_scale[0m[2m=[0m3.4460704035580355e-5 [3munscaled_kkt_error[0m[2m=[0m8.94224980465112e-5 [3mscaled_nlp_error[0m[2m=[0m3.081562239303085e-9 [3mthreshold[0m[2m=[0m0.0001
[38;2;138;109;59m INFO[0m pounce_algorithm::conv_check::opt_error: refusing a termination certificate masked by an extreme objective scale; continuing toward the true minimum (obj_scale_certificate_threshold=0 disables) [3mobj_scale[0m[2m=[0m3.068157675550451e-5 [3munscaled_kkt_error[0m[2m=[0m1.4431525701644425e-5 [3mscaled_nlp_error[0m[2m=[0m4.4278196351403947e-10 [3mthreshold[0m[2m=[0m0.0001
[38;2;138;109;59m INFO[0m pounce_algorithm::conv_check::opt_error: refusing a termination certificate masked by an extreme objective scale; continuing toward the true minimum (obj_scale_certificate_threshold=0 disables) [3mobj_scale[0m[2m=[0m3.445057733933081e-5 [3munscaled_kkt_error[0m[2m=[0m8.422977663435879e-5 [3mscaled_nlp_error[0m[2m=[0m2.901764434216537e-9 [3mthreshold[0m[2m=[0m0.0001
[38;2;138;109;59m INFO[0m pounce_algorithm::conv_check::opt_error: refusing a termination certificate masked by an extreme objective scale; continuing toward the true minimum (obj_scale_certificate_threshold=0 disables) [3mobj_scale[0m[2m=[0m3.068157684746201e-5 [3munscaled_kkt_error[0m[2m=[0m1.0121567315958247e-5 [3mscaled_nlp_error[0m[2m=[0m4.585499317400741e-12 [3mthreshold[0m[2m=[0m0.0001
[38;2;138;109;59m INFO[0m pounce_algorithm::conv_check::opt_error: refusing a termination certificate masked by an extreme objective scale; continuing toward the true minimum (obj_scale_certificate_threshold=0 disables) [3mobj_scale[0m[2m=[0m3.06815767555074e-5 [3munscaled_kkt_error[0m[2m=[0m8.200901501593415e-5 [3mscaled_nlp_error[0m[2m=[0m3.499939650196499e-8 [3mthreshold[0m[2m=[0m0.0001
Duals withheld (#1037): the backend's multipliers violate complementary slackness against the box your model declares at x0.lb(declared 0, CS 7.881e-06), x1.lb(declared 0, CS 7.881e-06), x2.lb(declared 0, CS 7.881e-06), x3.lb(declared 0, CS 7.881e-06), x4.lb(declared 0, CS 9.453e-06) …, so they are duals of a different problem. Refitting against the declared active set did not reach stationarity (residual 4.766e+01 > 3.259e+00), so no duals are reported rather than wrong ones.
fac2                   off  optimal                 331837498.2        331837497.5    8.00  7.11e-14  {'stage_calls': 1, 'lp_calls': 0, 'deadline_calls': 0, 'declined': 0}
[38;2;138;109;59m INFO[0m pounce_algorithm::conv_check::opt_error: refusing a termination certificate masked by an extreme objective scale; continuing toward the true minimum (obj_scale_certificate_threshold=0 disables) [3mobj_scale[0m[2m=[0m3.214357036643473e-6 [3munscaled_kkt_error[0m[2m=[0m1.1700966605119427e-5 [3mscaled_nlp_error[0m[2m=[0m3.761108434269592e-11 [3mthreshold[0m[2m=[0m0.0001
[38;2;138;109;59m INFO[0m pounce_algorithm::conv_check::opt_error: refusing a termination certificate masked by an extreme objective scale; continuing toward the true minimum (obj_scale_certificate_threshold=0 disables) [3mobj_scale[0m[2m=[0m4.029983074071089e-5 [3munscaled_kkt_error[0m[2m=[0m7.621493190454635e-5 [3mscaled_nlp_error[0m[2m=[0m2.450321699162991e-10 [3mthreshold[0m[2m=[0m0.0001
[38;2;138;109;59m INFO[0m pounce_algorithm::conv_check::opt_error: refusing a termination certificate masked by an extreme objective scale; continuing toward the true minimum (obj_scale_certificate_threshold=0 disables) [3mobj_scale[0m[2m=[0m4.029983074071089e-5 [3munscaled_kkt_error[0m[2m=[0m7.077165688163474e-5 [3mscaled_nlp_error[0m[2m=[0m1.0934412178939263e-10 [3mthreshold[0m[2m=[0m0.0001
[38;2;138;109;59m INFO[0m pounce_algorithm::conv_check::opt_error: refusing a termination certificate masked by an extreme objective scale; continuing toward the true minimum (obj_scale_certificate_threshold=0 disables) [3mobj_scale[0m[2m=[0m3.837204530166686e-5 [3munscaled_kkt_error[0m[2m=[0m1.2622191603291749e-5 [3mscaled_nlp_error[0m[2m=[0m6.286190015408883e-12 [3mthreshold[0m[2m=[0m0.0001
[38;2;138;109;59m INFO[0m pounce_algorithm::conv_check::opt_error: refusing a termination certificate masked by an extreme objective scale; continuing toward the true minimum (obj_scale_certificate_threshold=0 disables) [3mobj_scale[0m[2m=[0m4.029983074071089e-5 [3munscaled_kkt_error[0m[2m=[0m7.021190724262672e-5 [3mscaled_nlp_error[0m[2m=[0m1.7936850778620932e-10 [3mthreshold[0m[2m=[0m0.0001
[38;2;138;109;59m INFO[0m pounce_algorithm::conv_check::opt_error: refusing a termination certificate masked by an extreme objective scale; continuing toward the true minimum (obj_scale_certificate_threshold=0 disables) [3mobj_scale[0m[2m=[0m3.837204530163914e-5 [3munscaled_kkt_error[0m[2m=[0m6.71853724705089e-5 [3mscaled_nlp_error[0m[2m=[0m1.3660141377259807e-10 [3mthreshold[0m[2m=[0m0.0001
[38;2;138;109;59m INFO[0m pounce_algorithm::conv_check::opt_error: refusing a termination certificate masked by an extreme objective scale; continuing toward the true minimum (obj_scale_certificate_threshold=0 disables) [3mobj_scale[0m[2m=[0m3.8372045301666835e-5 [3munscaled_kkt_error[0m[2m=[0m7.614311565572417e-5 [3mscaled_nlp_error[0m[2m=[0m3.3281118974252776e-11 [3mthreshold[0m[2m=[0m0.0001
[38;2;138;109;59m INFO[0m pounce_algorithm::conv_check::opt_error: refusing a termination certificate masked by an extreme objective scale; continuing toward the true minimum (obj_scale_certificate_threshold=0 disables) [3mobj_scale[0m[2m=[0m4.029983074071089e-5 [3munscaled_kkt_error[0m[2m=[0m7.621493190454635e-5 [3mscaled_nlp_error[0m[2m=[0m2.450321699162991e-10 [3mthreshold[0m[2m=[0m0.0001
[38;2;138;109;59m INFO[0m pounce_algorithm::conv_check::opt_error: refusing a termination certificate masked by an extreme objective scale; continuing toward the true minimum (obj_scale_certificate_threshold=0 disables) [3mobj_scale[0m[2m=[0m4.029983074071089e-5 [3munscaled_kkt_error[0m[2m=[0m7.077165688163474e-5 [3mscaled_nlp_error[0m[2m=[0m1.0934412178939263e-10 [3mthreshold[0m[2m=[0m0.0001
[38;2;138;109;59m INFO[0m pounce_algorithm::conv_check::opt_error: refusing a termination certificate masked by an extreme objective scale; continuing toward the true minimum (obj_scale_certificate_threshold=0 disables) [3mobj_scale[0m[2m=[0m3.837204530166686e-5 [3munscaled_kkt_error[0m[2m=[0m1.2622191603291749e-5 [3mscaled_nlp_error[0m[2m=[0m6.286190015408883e-12 [3mthreshold[0m[2m=[0m0.0001
[38;2;138;109;59m INFO[0m pounce_algorithm::conv_check::opt_error: refusing a termination certificate masked by an extreme objective scale; continuing toward the true minimum (obj_scale_certificate_threshold=0 disables) [3mobj_scale[0m[2m=[0m4.029983074071089e-5 [3munscaled_kkt_error[0m[2m=[0m8.332641929933697e-5 [3mscaled_nlp_error[0m[2m=[0m2.1976282278737093e-10 [3mthreshold[0m[2m=[0m0.0001
[38;2;138;109;59m INFO[0m pounce_algorithm::conv_check::opt_error: refusing a termination certificate masked by an extreme objective scale; continuing toward the true minimum (obj_scale_certificate_threshold=0 disables) [3mobj_scale[0m[2m=[0m3.068157675548111e-5 [3munscaled_kkt_error[0m[2m=[0m1.035511520851476e-5 [3mscaled_nlp_error[0m[2m=[0m1.4782053358268285e-11 [3mthreshold[0m[2m=[0m0.0001
[38;2;138;109;59m INFO[0m pounce_algorithm::conv_check::opt_error: refusing a termination certificate masked by an extreme objective scale; continuing toward the true minimum (obj_scale_certificate_threshold=0 disables) [3mobj_scale[0m[2m=[0m3.0681576755494214e-5 [3munscaled_kkt_error[0m[2m=[0m0.028631065989383565 [3mscaled_nlp_error[0m[2m=[0m9.040501330549219e-9 [3mthreshold[0m[2m=[0m0.0001
[38;2;138;109;59m INFO[0m pounce_algorithm::conv_check::opt_error: refusing a termination certificate masked by an extreme objective scale; continuing toward the true minimum (obj_scale_certificate_threshold=0 disables) [3mobj_scale[0m[2m=[0m4.029983074071089e-5 [3munscaled_kkt_error[0m[2m=[0m7.621493190454635e-5 [3mscaled_nlp_error[0m[2m=[0m2.450321699162991e-10 [3mthreshold[0m[2m=[0m0.0001
[38;2;138;109;59m INFO[0m pounce_algorithm::conv_check::opt_error: refusing a termination certificate masked by an extreme objective scale; continuing toward the true minimum (obj_scale_certificate_threshold=0 disables) [3mobj_scale[0m[2m=[0m4.029983074071089e-5 [3munscaled_kkt_error[0m[2m=[0m7.077165688163474e-5 [3mscaled_nlp_error[0m[2m=[0m1.0934412178939263e-10 [3mthreshold[0m[2m=[0m0.0001
[38;2;138;109;59m INFO[0m pounce_algorithm::conv_check::opt_error: refusing a termination certificate masked by an extreme objective scale; continuing toward the true minimum (obj_scale_certificate_threshold=0 disables) [3mobj_scale[0m[2m=[0m3.837204530166686e-5 [3munscaled_kkt_error[0m[2m=[0m1.2622191603291749e-5 [3mscaled_nlp_error[0m[2m=[0m6.286190015408883e-12 [3mthreshold[0m[2m=[0m0.0001
[38;2;138;109;59m INFO[0m pounce_algorithm::conv_check::opt_error: refusing a termination certificate masked by an extreme objective scale; continuing toward the true minimum (obj_scale_certificate_threshold=0 disables) [3mobj_scale[0m[2m=[0m4.029983074071089e-5 [3munscaled_kkt_error[0m[2m=[0m7.021190724262672e-5 [3mscaled_nlp_error[0m[2m=[0m1.7936850778620932e-10 [3mthreshold[0m[2m=[0m0.0001
[38;2;138;109;59m INFO[0m pounce_algorithm::conv_check::opt_error: refusing a termination certificate masked by an extreme objective scale; continuing toward the true minimum (obj_scale_certificate_threshold=0 disables) [3mobj_scale[0m[2m=[0m3.837204530163914e-5 [3munscaled_kkt_error[0m[2m=[0m6.71853724705089e-5 [3mscaled_nlp_error[0m[2m=[0m1.3660141377259807e-10 [3mthreshold[0m[2m=[0m0.0001
[38;2;138;109;59m INFO[0m pounce_algorithm::conv_check::opt_error: refusing a termination certificate masked by an extreme objective scale; continuing toward the true minimum (obj_scale_certificate_threshold=0 disables) [3mobj_scale[0m[2m=[0m3.8372045301666835e-5 [3munscaled_kkt_error[0m[2m=[0m7.614311565572417e-5 [3mscaled_nlp_error[0m[2m=[0m3.3281118974252776e-11 [3mthreshold[0m[2m=[0m0.0001
[38;2;138;109;59m INFO[0m pounce_algorithm::conv_check::opt_error: refusing a termination certificate masked by an extreme objective scale; continuing toward the true minimum (obj_scale_certificate_threshold=0 disables) [3mobj_scale[0m[2m=[0m4.029983074071089e-5 [3munscaled_kkt_error[0m[2m=[0m7.621493190454635e-5 [3mscaled_nlp_error[0m[2m=[0m2.450321699162991e-10 [3mthreshold[0m[2m=[0m0.0001
[38;2;138;109;59m INFO[0m pounce_algorithm::conv_check::opt_error: refusing a termination certificate masked by an extreme objective scale; continuing toward the true minimum (obj_scale_certificate_threshold=0 disables) [3mobj_scale[0m[2m=[0m4.029983074071089e-5 [3munscaled_kkt_error[0m[2m=[0m7.077165688163474e-5 [3mscaled_nlp_error[0m[2m=[0m1.0934412178939263e-10 [3mthreshold[0m[2m=[0m0.0001
[38;2;138;109;59m INFO[0m pounce_algorithm::conv_check::opt_error: refusing a termination certificate masked by an extreme objective scale; continuing toward the true minimum (obj_scale_certificate_threshold=0 disables) [3mobj_scale[0m[2m=[0m3.837204530166686e-5 [3munscaled_kkt_error[0m[2m=[0m1.2622191603291749e-5 [3mscaled_nlp_error[0m[2m=[0m6.286190015408883e-12 [3mthreshold[0m[2m=[0m0.0001
[38;2;138;109;59m INFO[0m pounce_algorithm::conv_check::opt_error: refusing a termination certificate masked by an extreme objective scale; continuing toward the true minimum (obj_scale_certificate_threshold=0 disables) [3mobj_scale[0m[2m=[0m4.029983074071089e-5 [3munscaled_kkt_error[0m[2m=[0m7.621493190454635e-5 [3mscaled_nlp_error[0m[2m=[0m2.450321699162991e-10 [3mthreshold[0m[2m=[0m0.0001
[38;2;138;109;59m INFO[0m pounce_algorithm::conv_check::opt_error: refusing a termination certificate masked by an extreme objective scale; continuing toward the true minimum (obj_scale_certificate_threshold=0 disables) [3mobj_scale[0m[2m=[0m4.029983074071089e-5 [3munscaled_kkt_error[0m[2m=[0m7.077165688163474e-5 [3mscaled_nlp_error[0m[2m=[0m1.0934412178939263e-10 [3mthreshold[0m[2m=[0m0.0001
[38;2;138;109;59m INFO[0m pounce_algorithm::conv_check::opt_error: refusing a termination certificate masked by an extreme objective scale; continuing toward the true minimum (obj_scale_certificate_threshold=0 disables) [3mobj_scale[0m[2m=[0m3.837204530166686e-5 [3munscaled_kkt_error[0m[2m=[0m1.2622191603291749e-5 [3mscaled_nlp_error[0m[2m=[0m6.286190015408883e-12 [3mthreshold[0m[2m=[0m0.0001
[38;2;138;109;59m INFO[0m pounce_algorithm::conv_check::opt_error: refusing a termination certificate masked by an extreme objective scale; continuing toward the true minimum (obj_scale_certificate_threshold=0 disables) [3mobj_scale[0m[2m=[0m4.029983074071089e-5 [3munscaled_kkt_error[0m[2m=[0m7.621493190454635e-5 [3mscaled_nlp_error[0m[2m=[0m2.450321699162991e-10 [3mthreshold[0m[2m=[0m0.0001
[38;2;138;109;59m INFO[0m pounce_algorithm::conv_check::opt_error: refusing a termination certificate masked by an extreme objective scale; continuing toward the true minimum (obj_scale_certificate_threshold=0 disables) [3mobj_scale[0m[2m=[0m4.029983074071089e-5 [3munscaled_kkt_error[0m[2m=[0m6.92859225339452e-5 [3mscaled_nlp_error[0m[2m=[0m8.647115134594793e-11 [3mthreshold[0m[2m=[0m0.0001
[38;2;138;109;59m INFO[0m pounce_algorithm::conv_check::opt_error: refusing a termination certificate masked by an extreme objective scale; continuing toward the true minimum (obj_scale_certificate_threshold=0 disables) [3mobj_scale[0m[2m=[0m3.893589550472298e-5 [3munscaled_kkt_error[0m[2m=[0m1.95015745681889e-5 [3mscaled_nlp_error[0m[2m=[0m7.1221876452147915e-12 [3mthreshold[0m[2m=[0m0.0001
[38;2;138;109;59m INFO[0m pounce_algorithm::conv_check::opt_error: refusing a termination certificate masked by an extreme objective scale; continuing toward the true minimum (obj_scale_certificate_threshold=0 disables) [3mobj_scale[0m[2m=[0m4.029983074071089e-5 [3munscaled_kkt_error[0m[2m=[0m7.621493190454635e-5 [3mscaled_nlp_error[0m[2m=[0m2.450321699162991e-10 [3mthreshold[0m[2m=[0m0.0001
[38;2;138;109;59m INFO[0m pounce_algorithm::conv_check::opt_error: refusing a termination certificate masked by an extreme objective scale; continuing toward the true minimum (obj_scale_certificate_threshold=0 disables) [3mobj_scale[0m[2m=[0m4.029983074071089e-5 [3munscaled_kkt_error[0m[2m=[0m6.640982099778081e-5 [3mscaled_nlp_error[0m[2m=[0m1.0079606583866537e-10 [3mthreshold[0m[2m=[0m0.0001
[38;2;138;109;59m INFO[0m pounce_algorithm::conv_check::opt_error: refusing a termination certificate masked by an extreme objective scale; continuing toward the true minimum (obj_scale_certificate_threshold=0 disables) [3mobj_scale[0m[2m=[0m3.068157675549422e-5 [3munscaled_kkt_error[0m[2m=[0m1.5762675391004363e-5 [3mscaled_nlp_error[0m[2m=[0m5.360374393164596e-12 [3mthreshold[0m[2m=[0m0.0001
[38;2;138;109;59m INFO[0m pounce_algorithm::conv_check::opt_error: refusing a termination certificate masked by an extreme objective scale; continuing toward the true minimum (obj_scale_certificate_threshold=0 disables) [3mobj_scale[0m[2m=[0m4.029983074071089e-5 [3munscaled_kkt_error[0m[2m=[0m7.621493190454635e-5 [3mscaled_nlp_error[0m[2m=[0m2.450321699162991e-10 [3mthreshold[0m[2m=[0m0.0001
[38;2;138;109;59m INFO[0m pounce_algorithm::conv_check::opt_error: refusing a termination certificate masked by an extreme objective scale; continuing toward the true minimum (obj_scale_certificate_threshold=0 disables) [3mobj_scale[0m[2m=[0m4.029983074071089e-5 [3munscaled_kkt_error[0m[2m=[0m7.077165688163474e-5 [3mscaled_nlp_error[0m[2m=[0m1.0934412178939263e-10 [3mthreshold[0m[2m=[0m0.0001
[38;2;138;109;59m INFO[0m pounce_algorithm::conv_check::opt_error: refusing a termination certificate masked by an extreme objective scale; continuing toward the true minimum (obj_scale_certificate_threshold=0 disables) [3mobj_scale[0m[2m=[0m3.837204530166686e-5 [3munscaled_kkt_error[0m[2m=[0m1.1858016287106565e-5 [3mscaled_nlp_error[0m[2m=[0m4.250177686057652e-12 [3mthreshold[0m[2m=[0m0.0001
[38;2;138;109;59m INFO[0m pounce_algorithm::conv_check::opt_error: refusing a termination certificate masked by an extreme objective scale; continuing toward the true minimum (obj_scale_certificate_threshold=0 disables) [3mobj_scale[0m[2m=[0m4.029983074071089e-5 [3munscaled_kkt_error[0m[2m=[0m7.021190724262672e-5 [3mscaled_nlp_error[0m[2m=[0m1.7936850778620932e-10 [3mthreshold[0m[2m=[0m0.0001
[38;2;138;109;59m INFO[0m pounce_algorithm::conv_check::opt_error: refusing a termination certificate masked by an extreme objective scale; continuing toward the true minimum (obj_scale_certificate_threshold=0 disables) [3mobj_scale[0m[2m=[0m3.837204530163914e-5 [3munscaled_kkt_error[0m[2m=[0m7.863968250860225e-5 [3mscaled_nlp_error[0m[2m=[0m8.06316755383566e-11 [3mthreshold[0m[2m=[0m0.0001
[38;2;138;109;59m INFO[0m pounce_algorithm::conv_check::opt_error: refusing a termination certificate masked by an extreme objective scale; continuing toward the true minimum (obj_scale_certificate_threshold=0 disables) [3mobj_scale[0m[2m=[0m3.068157675549648e-5 [3munscaled_kkt_error[0m[2m=[0m1.2826238440270175e-5 [3mscaled_nlp_error[0m[2m=[0m3.948184603660073e-12 [3mthreshold[0m[2m=[0m0.0001
[38;2;138;109;59m INFO[0m pounce_algorithm::conv_check::opt_error: refusing a termination certificate masked by an extreme objective scale; continuing toward the true minimum (obj_scale_certificate_threshold=0 disables) [3mobj_scale[0m[2m=[0m4.029983074071089e-5 [3munscaled_kkt_error[0m[2m=[0m7.621493190454635e-5 [3mscaled_nlp_error[0m[2m=[0m2.450321699162991e-10 [3mthreshold[0m[2m=[0m0.0001
[38;2;138;109;59m INFO[0m pounce_algorithm::conv_check::opt_error: refusing a termination certificate masked by an extreme objective scale; continuing toward the true minimum (obj_scale_certificate_threshold=0 disables) [3mobj_scale[0m[2m=[0m4.029983074071089e-5 [3munscaled_kkt_error[0m[2m=[0m6.92859225339452e-5 [3mscaled_nlp_error[0m[2m=[0m8.647115134594793e-11 [3mthreshold[0m[2m=[0m0.0001
[38;2;138;109;59m INFO[0m pounce_algorithm::conv_check::opt_error: refusing a termination certificate masked by an extreme objective scale; continuing toward the true minimum (obj_scale_certificate_threshold=0 disables) [3mobj_scale[0m[2m=[0m3.893589550472298e-5 [3munscaled_kkt_error[0m[2m=[0m1.1370311922153318e-5 [3mscaled_nlp_error[0m[2m=[0m3.4154482769697042e-12 [3mthreshold[0m[2m=[0m0.0001
[38;2;138;109;59m INFO[0m pounce_algorithm::conv_check::opt_error: refusing a termination certificate masked by an extreme objective scale; continuing toward the true minimum (obj_scale_certificate_threshold=0 disables) [3mobj_scale[0m[2m=[0m4.029983074071089e-5 [3munscaled_kkt_error[0m[2m=[0m7.621493190454635e-5 [3mscaled_nlp_error[0m[2m=[0m2.450321699162991e-10 [3mthreshold[0m[2m=[0m0.0001
[38;2;138;109;59m INFO[0m pounce_algorithm::conv_check::opt_error: refusing a termination certificate masked by an extreme objective scale; continuing toward the true minimum (obj_scale_certificate_threshold=0 disables) [3mobj_scale[0m[2m=[0m4.029983074071089e-5 [3munscaled_kkt_error[0m[2m=[0m7.077165688163474e-5 [3mscaled_nlp_error[0m[2m=[0m1.0934412178939263e-10 [3mthreshold[0m[2m=[0m0.0001
[38;2;138;109;59m INFO[0m pounce_algorithm::conv_check::opt_error: refusing a termination certificate masked by an extreme objective scale; continuing toward the true minimum (obj_scale_certificate_threshold=0 disables) [3mobj_scale[0m[2m=[0m3.837204530166686e-5 [3munscaled_kkt_error[0m[2m=[0m1.142275247518954e-5 [3mscaled_nlp_error[0m[2m=[0m3.8229826368666586e-12 [3mthreshold[0m[2m=[0m0.0001
[38;2;138;109;59m INFO[0m pounce_algorithm::conv_check::opt_error: refusing a termination certificate masked by an extreme objective scale; continuing toward the true minimum (obj_scale_certificate_threshold=0 disables) [3mobj_scale[0m[2m=[0m4.029983074071089e-5 [3munscaled_kkt_error[0m[2m=[0m8.332641929933697e-5 [3mscaled_nlp_error[0m[2m=[0m2.1976282278737093e-10 [3mthreshold[0m[2m=[0m0.0001
[38;2;138;109;59m INFO[0m pounce_algorithm::conv_check::opt_error: refusing a termination certificate masked by an extreme objective scale; continuing toward the true minimum (obj_scale_certificate_threshold=0 disables) [3mobj_scale[0m[2m=[0m3.068157675548111e-5 [3munscaled_kkt_error[0m[2m=[0m1.0904142273503154e-5 [3mscaled_nlp_error[0m[2m=[0m8.203673934843634e-12 [3mthreshold[0m[2m=[0m0.0001
[38;2;138;109;59m INFO[0m pounce_algorithm::conv_check::opt_error: refusing a termination certificate masked by an extreme objective scale; continuing toward the true minimum (obj_scale_certificate_threshold=0 disables) [3mobj_scale[0m[2m=[0m3.068157675549645e-5 [3munscaled_kkt_error[0m[2m=[0m1.2172565072389892e-5 [3mscaled_nlp_error[0m[2m=[0m5.8691673508711494e-12 [3mthreshold[0m[2m=[0m0.0001
[38;2;138;109;59m INFO[0m pounce_algorithm::conv_check::opt_error: refusing a termination certificate masked by an extreme objective scale; continuing toward the true minimum (obj_scale_certificate_threshold=0 disables) [3mobj_scale[0m[2m=[0m4.029983074071089e-5 [3munscaled_kkt_error[0m[2m=[0m8.332641929933697e-5 [3mscaled_nlp_error[0m[2m=[0m2.1976282278737093e-10 [3mthreshold[0m[2m=[0m0.0001
[38;2;138;109;59m INFO[0m pounce_algorithm::conv_check::opt_error: refusing a termination certificate masked by an extreme objective scale; continuing toward the true minimum (obj_scale_certificate_threshold=0 disables) [3mobj_scale[0m[2m=[0m3.068157675548111e-5 [3munscaled_kkt_error[0m[2m=[0m1.0904142273503154e-5 [3mscaled_nlp_error[0m[2m=[0m8.203673934843634e-12 [3mthreshold[0m[2m=[0m0.0001
[38;2;138;109;59m INFO[0m pounce_algorithm::conv_check::opt_error: refusing a termination certificate masked by an extreme objective scale; continuing toward the true minimum (obj_scale_certificate_threshold=0 disables) [3mobj_scale[0m[2m=[0m3.068157675549645e-5 [3munscaled_kkt_error[0m[2m=[0m1.2172565072389892e-5 [3mscaled_nlp_error[0m[2m=[0m5.8691673508711494e-12 [3mthreshold[0m[2m=[0m0.0001
[38;2;138;109;59m INFO[0m pounce_algorithm::conv_check::opt_error: refusing a termination certificate masked by an extreme objective scale; continuing toward the true minimum (obj_scale_certificate_threshold=0 disables) [3mobj_scale[0m[2m=[0m4.029983074071089e-5 [3munscaled_kkt_error[0m[2m=[0m7.621493190454635e-5 [3mscaled_nlp_error[0m[2m=[0m2.450321699162991e-10 [3mthreshold[0m[2m=[0m0.0001
[38;2;138;109;59m INFO[0m pounce_algorithm::conv_check::opt_error: refusing a termination certificate masked by an extreme objective scale; continuing toward the true minimum (obj_scale_certificate_threshold=0 disables) [3mobj_scale[0m[2m=[0m4.029983074071089e-5 [3munscaled_kkt_error[0m[2m=[0m6.640982099778081e-5 [3mscaled_nlp_error[0m[2m=[0m1.0079606583866537e-10 [3mthreshold[0m[2m=[0m0.0001
[38;2;138;109;59m INFO[0m pounce_algorithm::conv_check::opt_error: refusing a termination certificate masked by an extreme objective scale; continuing toward the true minimum (obj_scale_certificate_threshold=0 disables) [3mobj_scale[0m[2m=[0m3.068157675549422e-5 [3munscaled_kkt_error[0m[2m=[0m1.5768436172918464e-5 [3mscaled_nlp_error[0m[2m=[0m4.4251944800551546e-12 [3mthreshold[0m[2m=[0m0.0001
[38;2;138;109;59m INFO[0m pounce_algorithm::conv_check::opt_error: refusing a termination certificate masked by an extreme objective scale; continuing toward the true minimum (obj_scale_certificate_threshold=0 disables) [3mobj_scale[0m[2m=[0m4.029983074071089e-5 [3munscaled_kkt_error[0m[2m=[0m8.346063205332742e-5 [3mscaled_nlp_error[0m[2m=[0m3.363449345261845e-9 [3mthreshold[0m[2m=[0m0.0001
[38;2;138;109;59m INFO[0m pounce_algorithm::conv_check::opt_error: refusing a termination certificate masked by an extreme objective scale; continuing toward the true minimum (obj_scale_certificate_threshold=0 disables) [3mobj_scale[0m[2m=[0m4.029983074071089e-5 [3munscaled_kkt_error[0m[2m=[0m7.89654936598405e-5 [3mscaled_nlp_error[0m[2m=[0m3.1822960288482515e-9 [3mthreshold[0m[2m=[0m0.0001
[38;2;138;109;59m INFO[0m pounce_algorithm::conv_check::opt_error: refusing a termination certificate masked by an extreme objective scale; continuing toward the true minimum (obj_scale_certificate_threshold=0 disables) [3mobj_scale[0m[2m=[0m4.029983074071089e-5 [3munscaled_kkt_error[0m[2m=[0m6.238380626284386e-5 [3mscaled_nlp_error[0m[2m=[0m1.6337926584670706e-10 [3mthreshold[0m[2m=[0m0.0001
[38;2;138;109;59m INFO[0m pounce_algorithm::conv_check::opt_error: refusing a termination certificate masked by an extreme objective scale; continuing toward the true minimum (obj_scale_certificate_threshold=0 disables) [3mobj_scale[0m[2m=[0m4.029983074071089e-5 [3munscaled_kkt_error[0m[2m=[0m6.377699572358192e-5 [3mscaled_nlp_error[0m[2m=[0m1.6975149950806227e-10 [3mthreshold[0m[2m=[0m0.0001
[38;2;138;109;59m INFO[0m pounce_algorithm::conv_check::opt_error: refusing a termination certificate masked by an extreme objective scale; continuing toward the true minimum (obj_scale_certificate_threshold=0 disables) [3mobj_scale[0m[2m=[0m3.893589550473299e-5 [3munscaled_kkt_error[0m[2m=[0m1.133314125088596e-5 [3mscaled_nlp_error[0m[2m=[0m4.170121306435539e-12 [3mthreshold[0m[2m=[0m0.0001
[38;2;138;109;59m INFO[0m pounce_algorithm::conv_check::opt_error: refusing a termination certificate masked by an extreme objective scale; continuing toward the true minimum (obj_scale_certificate_threshold=0 disables) [3mobj_scale[0m[2m=[0m4.637229533587453e-5 [3munscaled_kkt_error[0m[2m=[0m2.2564344024729497e-5 [3mscaled_nlp_error[0m[2m=[0m1.046360425175032e-9 [3mthreshold[0m[2m=[0m0.0001
[38;2;138;109;59m INFO[0m pounce_algorithm::conv_check::opt_error: refusing a termination certificate masked by an extreme objective scale; continuing toward the true minimum (obj_scale_certificate_threshold=0 disables) [3mobj_scale[0m[2m=[0m3.068173540358408e-5 [3munscaled_kkt_error[0m[2m=[0m2.4625702905493175e-5 [3mscaled_nlp_error[0m[2m=[0m7.555593006736132e-10 [3mthreshold[0m[2m=[0m0.0001
[38;2;138;109;59m INFO[0m pounce_algorithm::conv_check::opt_error: refusing a termination certificate masked by an extreme objective scale; continuing toward the true minimum (obj_scale_certificate_threshold=0 disables) [3mobj_scale[0m[2m=[0m4.029983074071089e-5 [3munscaled_kkt_error[0m[2m=[0m8.521875168440748e-5 [3mscaled_nlp_error[0m[2m=[0m3.4343012688162926e-9 [3mthreshold[0m[2m=[0m0.0001
[38;2;138;109;59m INFO[0m pounce_algorithm::conv_check::opt_error: refusing a termination certificate masked by an extreme objective scale; continuing toward the true minimum (obj_scale_certificate_threshold=0 disables) [3mobj_scale[0m[2m=[0m3.068157675550582e-5 [3munscaled_kkt_error[0m[2m=[0m1.8392068358975598e-5 [3mscaled_nlp_error[0m[2m=[0m5.642976570484198e-10 [3mthreshold[0m[2m=[0m0.0001
[38;2;138;109;59m INFO[0m pounce_algorithm::conv_check::opt_error: refusing a termination certificate masked by an extreme objective scale; continuing toward the true minimum (obj_scale_certificate_threshold=0 disables) [3mobj_scale[0m[2m=[0m4.637229533587453e-5 [3munscaled_kkt_error[0m[2m=[0m0.013575612136967409 [3mscaled_nlp_error[0m[2m=[0m1.000573445495457e-12 [3mthreshold[0m[2m=[0m0.0001
[38;2;138;109;59m INFO[0m pounce_algorithm::conv_check::opt_error: refusing a termination certificate masked by an extreme objective scale; continuing toward the true minimum (obj_scale_certificate_threshold=0 disables) [3mobj_scale[0m[2m=[0m4.637229533587453e-5 [3munscaled_kkt_error[0m[2m=[0m0.00017213218938877013 [3mscaled_nlp_error[0m[2m=[0m3.4919303220826575e-13 [3mthreshold[0m[2m=[0m0.0001
[38;2;138;109;59m INFO[0m pounce_algorithm::conv_check::opt_error: refusing a termination certificate masked by an extreme objective scale; continuing toward the true minimum (obj_scale_certificate_threshold=0 disables) [3mobj_scale[0m[2m=[0m4.637229533587453e-5 [3munscaled_kkt_error[0m[2m=[0m0.02337323898513886 [3mscaled_nlp_error[0m[2m=[0m1.251910855043271e-12 [3mthreshold[0m[2m=[0m0.0001
[38;2;138;109;59m INFO[0m pounce_algorithm::conv_check::opt_error: refusing a termination certificate masked by an extreme objective scale; continuing toward the true minimum (obj_scale_certificate_threshold=0 disables) [3mobj_scale[0m[2m=[0m3.893589550473302e-5 [3munscaled_kkt_error[0m[2m=[0m0.23581379290104484 [3mscaled_nlp_error[0m[2m=[0m7.521533815824049e-13 [3mthreshold[0m[2m=[0m0.0001
[38;2;138;109;59m INFO[0m pounce_algorithm::conv_check::opt_error: refusing a termination certificate masked by an extreme objective scale; continuing toward the true minimum (obj_scale_certificate_threshold=0 disables) [3mobj_scale[0m[2m=[0m3.068173540358248e-5 [3munscaled_kkt_error[0m[2m=[0m2.302601211448591e-5 [3mscaled_nlp_error[0m[2m=[0m7.064780110963414e-10 [3mthreshold[0m[2m=[0m0.0001
[38;2;138;109;59m INFO[0m pounce_algorithm::conv_check::opt_error: refusing a termination certificate masked by an extreme objective scale; continuing toward the true minimum (obj_scale_certificate_threshold=0 disables) [3mobj_scale[0m[2m=[0m3.837204530169272e-5 [3munscaled_kkt_error[0m[2m=[0m6.79347504781314e-5 [3mscaled_nlp_error[0m[2m=[0m2.6067953229060492e-9 [3mthreshold[0m[2m=[0m0.0001
[38;2;138;109;59m INFO[0m pounce_algorithm::conv_check::opt_error: refusing a termination certificate masked by an extreme objective scale; continuing toward the true minimum (obj_scale_certificate_threshold=0 disables) [3mobj_scale[0m[2m=[0m3.837204530169272e-5 [3munscaled_kkt_error[0m[2m=[0m7.171127088263485e-5 [3mscaled_nlp_error[0m[2m=[0m2.7517081349504224e-9 [3mthreshold[0m[2m=[0m0.0001
[38;2;138;109;59m INFO[0m pounce_algorithm::conv_check::opt_error: refusing a termination certificate masked by an extreme objective scale; continuing toward the true minimum (obj_scale_certificate_threshold=0 disables) [3mobj_scale[0m[2m=[0m4.637229533587453e-5 [3munscaled_kkt_error[0m[2m=[0m5.492526461790813e-5 [3mscaled_nlp_error[0m[2m=[0m2.5470105922626957e-9 [3mthreshold[0m[2m=[0m0.0001
[38;2;138;109;59m INFO[0m pounce_algorithm::conv_check::opt_error: refusing a termination certificate masked by an extreme objective scale; continuing toward the true minimum (obj_scale_certificate_threshold=0 disables) [3mobj_scale[0m[2m=[0m4.637229533587453e-5 [3munscaled_kkt_error[0m[2m=[0m7.44242627547812e-5 [3mscaled_nlp_error[0m[2m=[0m3.4512238926194405e-9 [3mthreshold[0m[2m=[0m0.0001
[38;2;138;109;59m INFO[0m pounce_algorithm::conv_check::opt_error: refusing a termination certificate masked by an extreme objective scale; continuing toward the true minimum (obj_scale_certificate_threshold=0 disables) [3mobj_scale[0m[2m=[0m3.0681576755505876e-5 [3munscaled_kkt_error[0m[2m=[0m2.4408822980825226e-5 [3mscaled_nlp_error[0m[2m=[0m8.333256707462967e-9 [3mthreshold[0m[2m=[0m0.0001
[38;2;138;109;59m INFO[0m pounce_algorithm::conv_check::opt_error: refusing a termination certificate masked by an extreme objective scale; continuing toward the true minimum (obj_scale_certificate_threshold=0 disables) [3mobj_scale[0m[2m=[0m3.0681576755505876e-5 [3munscaled_kkt_error[0m[2m=[0m2.3841511321694008e-5 [3mscaled_nlp_error[0m[2m=[0m6.750308421804954e-10 [3mthreshold[0m[2m=[0m0.0001
[38;2;138;109;59m INFO[0m pounce_algorithm::conv_check::opt_error: refusing a termination certificate masked by an extreme objective scale; continuing toward the true minimum (obj_scale_certificate_threshold=0 disables) [3mobj_scale[0m[2m=[0m3.068157675550422e-5 [3munscaled_kkt_error[0m[2m=[0m2.153455040098549e-5 [3mscaled_nlp_error[0m[2m=[0m6.607139610231106e-10 [3mthreshold[0m[2m=[0m0.0001
[38;2;138;109;59m INFO[0m pounce_algorithm::conv_check::opt_error: refusing a termination certificate masked by an extreme objective scale; continuing toward the true minimum (obj_scale_certificate_threshold=0 disables) [3mobj_scale[0m[2m=[0m3.0681576755504236e-5 [3munscaled_kkt_error[0m[2m=[0m2.219316368458907e-5 [3mscaled_nlp_error[0m[2m=[0m6.809212550361887e-10 [3mthreshold[0m[2m=[0m0.0001
[38;2;138;109;59m INFO[0m pounce_algorithm::conv_check::opt_error: refusing a termination certificate masked by an extreme objective scale; continuing toward the true minimum (obj_scale_certificate_threshold=0 disables) [3mobj_scale[0m[2m=[0m3.446086427451595e-5 [3munscaled_kkt_error[0m[2m=[0m2.4123941942730933e-5 [3mscaled_nlp_error[0m[2m=[0m8.313318890547532e-10 [3mthreshold[0m[2m=[0m0.0001
[38;2;138;109;59m INFO[0m pounce_algorithm::conv_check::opt_error: refusing a termination certificate masked by an extreme objective scale; continuing toward the true minimum (obj_scale_certificate_threshold=0 disables) [3mobj_scale[0m[2m=[0m4.637229533587453e-5 [3munscaled_kkt_error[0m[2m=[0m7.110773425971849e-5 [3mscaled_nlp_error[0m[2m=[0m3.2974288537565497e-9 [3mthreshold[0m[2m=[0m0.0001
[38;2;138;109;59m INFO[0m pounce_algorithm::conv_check::opt_error: refusing a termination certificate masked by an extreme objective scale; continuing toward the true minimum (obj_scale_certificate_threshold=0 disables) [3mobj_scale[0m[2m=[0m3.068157675550452e-5 [3munscaled_kkt_error[0m[2m=[0m9.335037620805636e-5 [3mscaled_nlp_error[0m[2m=[0m2.8641367327827043e-9 [3mthreshold[0m[2m=[0m0.0001
[38;2;138;109;59m INFO[0m pounce_algorithm::conv_check::opt_error: refusing a termination certificate masked by an extreme objective scale; continuing toward the true minimum (obj_scale_certificate_threshold=0 disables) [3mobj_scale[0m[2m=[0m3.068157675550452e-5 [3munscaled_kkt_error[0m[2m=[0m1.996926614572932e-5 [3mscaled_nlp_error[0m[2m=[0m6.126885720012921e-10 [3mthreshold[0m[2m=[0m0.0001
[38;2;138;109;59m INFO[0m pounce_algorithm::conv_check::opt_error: refusing a termination certificate masked by an extreme objective scale; continuing toward the true minimum (obj_scale_certificate_threshold=0 disables) [3mobj_scale[0m[2m=[0m3.445043938095067e-5 [3munscaled_kkt_error[0m[2m=[0m7.834530562466861e-5 [3mscaled_nlp_error[0m[2m=[0m2.6990302022046994e-9 [3mthreshold[0m[2m=[0m0.0001
[38;2;138;109;59m INFO[0m pounce_algorithm::conv_check::opt_error: refusing a termination certificate masked by an extreme objective scale; continuing toward the true minimum (obj_scale_certificate_threshold=0 disables) [3mobj_scale[0m[2m=[0m4.637229533587453e-5 [3munscaled_kkt_error[0m[2m=[0m7.969465847446991e-5 [3mscaled_nlp_error[0m[2m=[0m3.695624239469775e-9 [3mthreshold[0m[2m=[0m0.0001
[38;2;138;109;59m INFO[0m pounce_algorithm::conv_check::opt_error: refusing a termination certificate masked by an extreme objective scale; continuing toward the true minimum (obj_scale_certificate_threshold=0 disables) [3mobj_scale[0m[2m=[0m3.0681576755504236e-5 [3munscaled_kkt_error[0m[2m=[0m8.394307658876436e-5 [3mscaled_nlp_error[0m[2m=[0m2.5755059474513443e-9 [3mthreshold[0m[2m=[0m0.0001
[38;2;138;109;59m INFO[0m pounce_algorithm::conv_check::opt_error: refusing a termination certificate masked by an extreme objective scale; continuing toward the true minimum (obj_scale_certificate_threshold=0 disables) [3mobj_scale[0m[2m=[0m3.837204530169073e-5 [3munscaled_kkt_error[0m[2m=[0m1.6340536930397824e-5 [3mscaled_nlp_error[0m[2m=[0m6.270198233471757e-10 [3mthreshold[0m[2m=[0m0.0001
[38;2;138;109;59m INFO[0m pounce_algorithm::conv_check::opt_error: refusing a termination certificate masked by an extreme objective scale; continuing toward the true minimum (obj_scale_certificate_threshold=0 disables) [3mobj_scale[0m[2m=[0m3.837204530169073e-5 [3munscaled_kkt_error[0m[2m=[0m1.6826223562400117e-5 [3mscaled_nlp_error[0m[2m=[0m6.456566127927932e-10 [3mthreshold[0m[2m=[0m0.0001
[38;2;138;109;59m INFO[0m pounce_algorithm::conv_check::opt_error: refusing a termination certificate masked by an extreme objective scale; continuing toward the true minimum (obj_scale_certificate_threshold=0 disables) [3mobj_scale[0m[2m=[0m3.893589550472897e-5 [3munscaled_kkt_error[0m[2m=[0m8.709612474855866e-5 [3mscaled_nlp_error[0m[2m=[0m8.33306077739578e-9 [3mthreshold[0m[2m=[0m0.0001
[38;2;138;109;59m INFO[0m pounce_algorithm::conv_check::opt_error: refusing a termination certificate masked by an extreme objective scale; continuing toward the true minimum (obj_scale_certificate_threshold=0 disables) [3mobj_scale[0m[2m=[0m3.893589550472897e-5 [3munscaled_kkt_error[0m[2m=[0m9.393071468146428e-5 [3mscaled_nlp_error[0m[2m=[0m3.6572764915220048e-9 [3mthreshold[0m[2m=[0m0.0001
[38;2;138;109;59m INFO[0m pounce_algorithm::conv_check::opt_error: refusing a termination certificate masked by an extreme objective scale; continuing toward the true minimum (obj_scale_certificate_threshold=0 disables) [3mobj_scale[0m[2m=[0m3.893589550472897e-5 [3munscaled_kkt_error[0m[2m=[0m0.0009148843678788363 [3mscaled_nlp_error[0m[2m=[0m4.269320529006455e-13 [3mthreshold[0m[2m=[0m0.0001
[38;2;138;109;59m INFO[0m pounce_algorithm::conv_check::opt_error: refusing a termination certificate masked by an extreme objective scale; continuing toward the true minimum (obj_scale_certificate_threshold=0 disables) [3mobj_scale[0m[2m=[0m4.637229533587453e-5 [3munscaled_kkt_error[0m[2m=[0m0.0006200515892036108 [3mscaled_nlp_error[0m[2m=[0m7.865007304525901e-13 [3mthreshold[0m[2m=[0m0.0001
[38;2;138;109;59m INFO[0m pounce_algorithm::conv_check::opt_error: refusing a termination certificate masked by an extreme objective scale; continuing toward the true minimum (obj_scale_certificate_threshold=0 disables) [3mobj_scale[0m[2m=[0m3.0681576755494356e-5 [3munscaled_kkt_error[0m[2m=[0m31.82895279526536 [3mscaled_nlp_error[0m[2m=[0m4.337118138311555e-13 [3mthreshold[0m[2m=[0m0.0001
[38;2;138;109;59m INFO[0m pounce_algorithm::conv_check::opt_error: refusing a termination certificate masked by an extreme objective scale; continuing toward the true minimum (obj_scale_certificate_threshold=0 disables) [3mobj_scale[0m[2m=[0m3.4461187321088776e-5 [3munscaled_kkt_error[0m[2m=[0m9.259974974793885e-5 [3mscaled_nlp_error[0m[2m=[0m3.191097321949664e-9 [3mthreshold[0m[2m=[0m0.0001
[38;2;138;109;59m INFO[0m pounce_algorithm::conv_check::opt_error: refusing a termination certificate masked by an extreme objective scale; continuing toward the true minimum (obj_scale_certificate_threshold=0 disables) [3mobj_scale[0m[2m=[0m3.0681576755504446e-5 [3munscaled_kkt_error[0m[2m=[0m1.313059312997327e-5 [3mscaled_nlp_error[0m[2m=[0m8.333302650140327e-9 [3mthreshold[0m[2m=[0m0.0001
[38;2;138;109;59m INFO[0m pounce_algorithm::conv_check::opt_error: refusing a termination certificate masked by an extreme objective scale; continuing toward the true minimum (obj_scale_certificate_threshold=0 disables) [3mobj_scale[0m[2m=[0m3.893589550472897e-5 [3munscaled_kkt_error[0m[2m=[0m9.988730321995343e-5 [3mscaled_nlp_error[0m[2m=[0m3.889201600421285e-9 [3mthreshold[0m[2m=[0m0.0001
[38;2;138;109;59m INFO[0m pounce_algorithm::conv_check::opt_error: refusing a termination certificate masked by an extreme objective scale; continuing toward the true minimum (obj_scale_certificate_threshold=0 disables) [3mobj_scale[0m[2m=[0m3.4450161220066936e-5 [3munscaled_kkt_error[0m[2m=[0m0.0001952755146178305 [3mscaled_nlp_error[0m[2m=[0m3.0047264655114177e-8 [3mthreshold[0m[2m=[0m0.0001
[38;2;138;109;59m INFO[0m pounce_algorithm::conv_check::opt_error: refusing a termination certificate masked by an extreme objective scale; continuing toward the true minimum (obj_scale_certificate_threshold=0 disables) [3mobj_scale[0m[2m=[0m3.0681576755504446e-5 [3munscaled_kkt_error[0m[2m=[0m2.08549967112058e-5 [3mscaled_nlp_error[0m[2m=[0m6.398641823306535e-10 [3mthreshold[0m[2m=[0m0.0001
[38;2;138;109;59m INFO[0m pounce_algorithm::conv_check::opt_error: refusing a termination certificate masked by an extreme objective scale; continuing toward the true minimum (obj_scale_certificate_threshold=0 disables) [3mobj_scale[0m[2m=[0m3.4455883231509687e-5 [3munscaled_kkt_error[0m[2m=[0m1.671899441062818e-5 [3mscaled_nlp_error[0m[2m=[0m5.760677191608677e-10 [3mthreshold[0m[2m=[0m0.0001
[38;2;138;109;59m INFO[0m pounce_algorithm::conv_check::opt_error: refusing a termination certificate masked by an extreme objective scale; continuing toward the true minimum (obj_scale_certificate_threshold=0 disables) [3mobj_scale[0m[2m=[0m3.893589550472897e-5 [3munscaled_kkt_error[0m[2m=[0m1.5436377870971214e-5 [3mscaled_nlp_error[0m[2m=[0m6.010291957556458e-10 [3mthreshold[0m[2m=[0m0.0001
[38;2;138;109;59m INFO[0m pounce_algorithm::conv_check::opt_error: refusing a termination certificate masked by an extreme objective scale; continuing toward the true minimum (obj_scale_certificate_threshold=0 disables) [3mobj_scale[0m[2m=[0m3.4454889350557634e-5 [3munscaled_kkt_error[0m[2m=[0m7.429402025904408e-5 [3mscaled_nlp_error[0m[2m=[0m2.559792247433451e-9 [3mthreshold[0m[2m=[0m0.0001
[38;2;138;109;59m INFO[0m pounce_algorithm::conv_check::opt_error: refusing a termination certificate masked by an extreme objective scale; continuing toward the true minimum (obj_scale_certificate_threshold=0 disables) [3mobj_scale[0m[2m=[0m3.068157675550451e-5 [3munscaled_kkt_error[0m[2m=[0m9.459779712835371e-5 [3mscaled_nlp_error[0m[2m=[0m2.902409573495228e-9 [3mthreshold[0m[2m=[0m0.0001
[38;2;138;109;59m INFO[0m pounce_algorithm::conv_check::opt_error: refusing a termination certificate masked by an extreme objective scale; continuing toward the true minimum (obj_scale_certificate_threshold=0 disables) [3mobj_scale[0m[2m=[0m3.4460704035580355e-5 [3munscaled_kkt_error[0m[2m=[0m8.94224980465112e-5 [3mscaled_nlp_error[0m[2m=[0m3.081562239303085e-9 [3mthreshold[0m[2m=[0m0.0001
[38;2;138;109;59m INFO[0m pounce_algorithm::conv_check::opt_error: refusing a termination certificate masked by an extreme objective scale; continuing toward the true minimum (obj_scale_certificate_threshold=0 disables) [3mobj_scale[0m[2m=[0m3.068157675550451e-5 [3munscaled_kkt_error[0m[2m=[0m1.4431525701644425e-5 [3mscaled_nlp_error[0m[2m=[0m4.4278196351403947e-10 [3mthreshold[0m[2m=[0m0.0001
[38;2;138;109;59m INFO[0m pounce_algorithm::conv_check::opt_error: refusing a termination certificate masked by an extreme objective scale; continuing toward the true minimum (obj_scale_certificate_threshold=0 disables) [3mobj_scale[0m[2m=[0m3.445057733933081e-5 [3munscaled_kkt_error[0m[2m=[0m8.422977663435879e-5 [3mscaled_nlp_error[0m[2m=[0m2.901764434216537e-9 [3mthreshold[0m[2m=[0m0.0001
[38;2;138;109;59m INFO[0m pounce_algorithm::conv_check::opt_error: refusing a termination certificate masked by an extreme objective scale; continuing toward the true minimum (obj_scale_certificate_threshold=0 disables) [3mobj_scale[0m[2m=[0m3.068157684746201e-5 [3munscaled_kkt_error[0m[2m=[0m1.0121567315958247e-5 [3mscaled_nlp_error[0m[2m=[0m4.585499317400741e-12 [3mthreshold[0m[2m=[0m0.0001
[38;2;138;109;59m INFO[0m pounce_algorithm::conv_check::opt_error: refusing a termination certificate masked by an extreme objective scale; continuing toward the true minimum (obj_scale_certificate_threshold=0 disables) [3mobj_scale[0m[2m=[0m3.06815767555074e-5 [3munscaled_kkt_error[0m[2m=[0m8.200901501593415e-5 [3mscaled_nlp_error[0m[2m=[0m3.499939650196499e-8 [3mthreshold[0m[2m=[0m0.0001
Duals withheld (#1037): the backend's multipliers violate complementary slackness against the box your model declares at x0.lb(declared 0, CS 7.881e-06), x1.lb(declared 0, CS 7.881e-06), x2.lb(declared 0, CS 7.881e-06), x3.lb(declared 0, CS 7.881e-06), x4.lb(declared 0, CS 9.453e-06) …, so they are duals of a different problem. Refitting against the declared active set did not reach stationarity (residual 4.766e+01 > 3.259e+00), so no duals are reported rather than wrong ones.
fac2                   on   optimal                 331837498.2        331837497.5    7.85  7.11e-14  {'stage_calls': 1, 'lp_calls': 0, 'deadline_calls': 0, 'declined': 0}
flay02m                off  optimal                 37.94733201        37.94733186    3.91  0.00e+00  {'stage_calls': 1, 'lp_calls': 281, 'deadline_calls': 0, 'declined': 0}
flay02m                on   optimal                 37.94733201        37.94733186    3.98  0.00e+00  {'stage_calls': 1, 'lp_calls': 281, 'deadline_calls': 281, 'declined': 0}
flay03m                off  optimal                 48.98979497        48.98979479    5.14  0.00e+00  {'stage_calls': 1, 'lp_calls': 19, 'deadline_calls': 0, 'declined': 0}
flay03m                on   optimal                 48.98979497        48.98979479    5.28  0.00e+00  {'stage_calls': 1, 'lp_calls': 19, 'deadline_calls': 19, 'declined': 0}
/home/user/discopt/python/discopt/debug/__init__.py:98: UserWarning: Variables with very large or infinite declared bounds: x0 (lb=-inf, ub=inf), x1 (lb=-inf, ub=inf), x2 (lb=-inf, ub=inf), x6 (lb=0, ub=inf), x7 (lb=0, ub=inf).  Nonlinear tightening can adjust 6 bounds via defined_variable_forward, separable_quadratic_upper_bound. NLP solvers may fail (NaN, iteration_limit) when bounds exceed ~1e15. Add tighter explicit bounds, e.g. m.continuous('x', lb=0, ub=1000).
  return fn(*args, **kwargs)
[38;2;138;109;59m INFO[0m pounce_algorithm::conv_check::opt_error: certifying with a dual infeasibility above dual_inf_tol: it is within the scale-relative floor set by the terms the Lagrangian gradient is built from (dual_inf_scale_kappa=0 disables) [3mdual_inf[0m[2m=[0m7.2585592494977025 [3mdual_scale[0m[2m=[0m78644480850125.95 [3mdual_inf_tol[0m[2m=[0m1.0 [3mbound[0m[2m=[0m786444.8085012595
fuel                   off  optimal                 8566.118962        8566.118886    0.20  2.27e-13  {'stage_calls': 0, 'lp_calls': 0, 'deadline_calls': 0, 'declined': 0}
[38;2;138;109;59m INFO[0m pounce_algorithm::conv_check::opt_error: certifying with a dual infeasibility above dual_inf_tol: it is within the scale-relative floor set by the terms the Lagrangian gradient is built from (dual_inf_scale_kappa=0 disables) [3mdual_inf[0m[2m=[0m7.2585592494977025 [3mdual_scale[0m[2m=[0m78644480850125.95 [3mdual_inf_tol[0m[2m=[0m1.0 [3mbound[0m[2m=[0m786444.8085012595
fuel                   on   optimal                 8566.118962        8566.118886    0.20  2.27e-13  {'stage_calls': 0, 'lp_calls': 0, 'deadline_calls': 0, 'declined': 0}
gbd                    off  optimal                 2.199999999        2.199999999    0.01  0.00e+00  {'stage_calls': 0, 'lp_calls': 0, 'deadline_calls': 0, 'declined': 0}
gbd                    on   optimal                 2.199999999        2.199999999    0.01  0.00e+00  {'stage_calls': 0, 'lp_calls': 0, 'deadline_calls': 0, 'declined': 0}
gear                   off  optimal             8.606434189e-07                  0    0.36  0.00e+00  {'stage_calls': 0, 'lp_calls': 0, 'deadline_calls': 0, 'declined': 0}
gear                   on   optimal             8.606434189e-07                  0    0.39  0.00e+00  {'stage_calls': 0, 'lp_calls': 0, 'deadline_calls': 0, 'declined': 0}
gear2                  off  optimal             1.249223705e-07                  0    2.65  0.00e+00  {'stage_calls': 0, 'lp_calls': 0, 'deadline_calls': 0, 'declined': 0}
gear2                  on   optimal             1.249223705e-07                  0    2.72  0.00e+00  {'stage_calls': 0, 'lp_calls': 0, 'deadline_calls': 0, 'declined': 0}
gear3                  off  optimal             1.827380235e-08                  0    0.58  0.00e+00  {'stage_calls': 0, 'lp_calls': 0, 'deadline_calls': 0, 'declined': 0}
gear3                  on   optimal             1.827380235e-08                  0    0.59  0.00e+00  {'stage_calls': 0, 'lp_calls': 0, 'deadline_calls': 0, 'declined': 0}
/home/user/discopt/python/discopt/debug/__init__.py:98: UserWarning: Variables with very large or infinite declared bounds: x4 (lb=0, ub=inf), x5 (lb=0, ub=inf).  NLP solvers may fail (NaN, iteration_limit) when bounds exceed ~1e15. Add tighter explicit bounds, e.g. m.continuous('x', lb=0, ub=1000).
  return fn(*args, **kwargs)
gear4                  off  optimal                 1.643428483        1.643427474    0.67  0.00e+00  {'stage_calls': 0, 'lp_calls': 0, 'deadline_calls': 0, 'declined': 0}
gear4                  on   optimal                 1.643428483        1.643427474    0.64  0.00e+00  {'stage_calls': 0, 'lp_calls': 0, 'deadline_calls': 0, 'declined': 0}
/home/user/discopt/python/discopt/debug/__init__.py:98: UserWarning: Variables with very large or infinite declared bounds: x0 (lb=0, ub=inf), x1 (lb=0, ub=inf), x2 (lb=0, ub=inf), x3 (lb=0, ub=inf), x4 (lb=0, ub=inf).  Nonlinear tightening can adjust 7 bounds via monotone_function_equality, separable_quadratic_upper_bound, defined_variable_forward. NLP solvers may fail (NaN, iteration_limit) when bounds exceed ~1e15. Add tighter explicit bounds, e.g. m.continuous('x', lb=0, ub=1000).
  return fn(*args, **kwargs)
gkocis                 off  optimal                 -1.92309872       -1.923098741    1.00  2.33e-14  {'stage_calls': 0, 'lp_calls': 0, 'deadline_calls': 0, 'declined': 0}
gkocis                 on   optimal                 -1.92309872       -1.923098741    1.17  2.33e-14  {'stage_calls': 0, 'lp_calls': 0, 'deadline_calls': 0, 'declined': 0}
/home/user/discopt/python/discopt/debug/__init__.py:98: UserWarning: Variables with very large or infinite declared bounds: x47 (lb=0, ub=inf), x48 (lb=0, ub=inf).  Nonlinear tightening can adjust 103 bounds via defined_variable_forward, bilinear_product_equality, separable_quadratic_upper_bound. NLP solvers may fail (NaN, iteration_limit) when bounds exceed ~1e15. Add tighter explicit bounds, e.g. m.continuous('x', lb=0, ub=1000).
  return fn(*args, **kwargs)
hda                    off  time_limit                     None       -106237.5056   30.98      None  {'stage_calls': 0, 'lp_calls': 0, 'deadline_calls': 0, 'declined': 0}
hda                    on   time_limit                     None       -106237.5056   31.05      None  {'stage_calls': 0, 'lp_calls': 0, 'deadline_calls': 0, 'declined': 0}
/home/user/discopt/python/discopt/debug/__init__.py:98: UserWarning: Variables with very large or infinite declared bounds: x8 (lb=0, ub=inf), x9 (lb=0, ub=inf), x10 (lb=0, ub=inf), x11 (lb=0, ub=inf), x12 (lb=0, ub=inf).  Nonlinear tightening can adjust 42 bounds via defined_variable_forward, separable_quadratic_upper_bound. NLP solvers may fail (NaN, iteration_limit) when bounds exceed ~1e15. Add tighter explicit bounds, e.g. m.continuous('x', lb=0, ub=1000).
  return fn(*args, **kwargs)
[38;2;138;109;59m INFO[0m pounce_algorithm::conv_check::opt_error: refusing an acceptable-level termination: the error has been inside the acceptable band for the whole streak but is still moving across it, so the streak has not flattened; continuing (acceptable_progress_kappa=0 disables) [3mnlp_err[0m[2m=[0m5.519640387854541e-7 [3mobj[0m[2m=[0m115205.88073376939 [3macceptable_tol[0m[2m=[0m1e-6 [3mwindow[0m[2m=[0m15 [3mkappa[0m[2m=[0m0.1
heatexch_gen1          off  feasible                 154895.933        38183.53175   30.10  5.91e-09  {'stage_calls': 0, 'lp_calls': 0, 'deadline_calls': 0, 'declined': 0}
[38;2;138;109;59m INFO[0m pounce_algorithm::conv_check::opt_error: refusing an acceptable-level termination: the error has been inside the acceptable band for the whole streak but is still moving across it, so the streak has not flattened; continuing (acceptable_progress_kappa=0 disables) [3mnlp_err[0m[2m=[0m5.519640387854541e-7 [3mobj[0m[2m=[0m115205.88073376939 [3macceptable_tol[0m[2m=[0m1e-6 [3mwindow[0m[2m=[0m15 [3mkappa[0m[2m=[0m0.1
heatexch_gen1          on   feasible                 154895.933        38183.53175   30.11  5.91e-09  {'stage_calls': 0, 'lp_calls': 0, 'deadline_calls': 0, 'declined': 0}
/home/user/discopt/python/discopt/debug/__init__.py:98: UserWarning: Variables with very large or infinite declared bounds: x12 (lb=0, ub=inf), x13 (lb=0, ub=inf), x14 (lb=0, ub=inf), x15 (lb=0, ub=inf), x16 (lb=0, ub=inf).  Nonlinear tightening can adjust 79 bounds via defined_variable_forward, bilinear_product_equality, separable_quadratic_upper_bound. NLP solvers may fail (NaN, iteration_limit) when bounds exceed ~1e15. Add tighter explicit bounds, e.g. m.continuous('x', lb=0, ub=1000).
  return fn(*args, **kwargs)
heatexch_gen2          off  feasible                824551.3269        555767.7903   30.20  3.64e-12  {'stage_calls': 0, 'lp_calls': 0, 'deadline_calls': 0, 'declined': 0}
heatexch_gen2          on   feasible                824551.3269        555767.7903   30.20  3.64e-12  {'stage_calls': 0, 'lp_calls': 0, 'deadline_calls': 0, 'declined': 0}
/home/user/discopt/python/discopt/debug/__init__.py:98: UserWarning: Variables with very large or infinite declared bounds: x20 (lb=0, ub=inf), x21 (lb=0, ub=inf), x22 (lb=0, ub=inf), x23 (lb=0, ub=inf), x24 (lb=0, ub=inf).  Nonlinear tightening can adjust 210 bounds via defined_variable_forward, separable_quadratic_upper_bound. NLP solvers may fail (NaN, iteration_limit) when bounds exceed ~1e15. Add tighter explicit bounds, e.g. m.continuous('x', lb=0, ub=1000).
  return fn(*args, **kwargs)
heatexch_gen3          off  time_limit                     None        783.0180647   31.10      None  {'stage_calls': 0, 'lp_calls': 0, 'deadline_calls': 0, 'declined': 0}
heatexch_gen3          on   time_limit                     None        783.0180647   31.13      None  {'stage_calls': 0, 'lp_calls': 0, 'deadline_calls': 0, 'declined': 0}
kall_circles_c8a       off  feasible                2.540919393                  0   30.04  6.13e-11  {'stage_calls': 0, 'lp_calls': 0, 'deadline_calls': 0, 'declined': 0}
kall_circles_c8a       on   feasible                2.540919393                  0   30.04  6.13e-11  {'stage_calls': 0, 'lp_calls': 0, 'deadline_calls': 0, 'declined': 0}
/home/user/discopt/python/discopt/debug/__init__.py:98: UserWarning: Variables with very large or infinite declared bounds: x6 (lb=-inf, ub=inf), x7 (lb=-inf, ub=inf), x8 (lb=-inf, ub=inf), x9 (lb=-inf, ub=inf), x10 (lb=-inf, ub=inf).  NLP solvers may fail (NaN, iteration_limit) when bounds exceed ~1e15. Add tighter explicit bounds, e.g. m.continuous('x', lb=0, ub=1000).
  return fn(*args, **kwargs)
m3                     off  optimal                 37.80000026        37.79999967    3.27  0.00e+00  {'stage_calls': 1, 'lp_calls': 107, 'deadline_calls': 0, 'declined': 0}
m3                     on   optimal                 37.80000026        37.79999967    3.24  0.00e+00  {'stage_calls': 1, 'lp_calls': 107, 'deadline_calls': 107, 'declined': 0}
/home/user/discopt/python/discopt/_relax/convexity/interval.py:561: RuntimeWarning: invalid value encountered in subtract
  lo_r = lo - k * two_pi
/home/user/discopt/python/discopt/_relax/convexity/interval.py:565: RuntimeWarning: invalid value encountered in sin
  sin_hi = np.sin(hi_r)
McCormick 'nlp' objective bound is not a valid dual bound for nonconvex models (issue #120); falling back to the alphaBB underestimator. Use mccormick_bounds='lp' for a valid spatial relaxation on models with continuous variables.
mathopt3               off  optimal             4.549921324e-09                  0    0.66  8.78e-14  {'stage_calls': 0, 'lp_calls': 0, 'deadline_calls': 0, 'declined': 0}
McCormick 'nlp' objective bound is not a valid dual bound for nonconvex models (issue #120); falling back to the alphaBB underestimator. Use mccormick_bounds='lp' for a valid spatial relaxation on models with continuous variables.
mathopt3               on   optimal             4.549921324e-09                  0    0.59  8.78e-14  {'stage_calls': 0, 'lp_calls': 0, 'deadline_calls': 0, 'declined': 0}
mathopt5_2             off  optimal                          -1                 -1    0.05  0.00e+00  {'stage_calls': 0, 'lp_calls': 0, 'deadline_calls': 0, 'declined': 0}
mathopt5_2             on   optimal                          -1                 -1    0.04  0.00e+00  {'stage_calls': 0, 'lp_calls': 0, 'deadline_calls': 0, 'declined': 0}
meanvar                off  optimal                 5.243399082        5.243399082    0.02  1.39e-17  {'stage_calls': 0, 'lp_calls': 0, 'deadline_calls': 0, 'declined': 0}
meanvar                on   optimal                 5.243399082        5.243399082    0.02  1.39e-17  {'stage_calls': 0, 'lp_calls': 0, 'deadline_calls': 0, 'declined': 0}
/home/user/discopt/python/discopt/debug/__init__.py:98: UserWarning: Variables with very large or infinite declared bounds: x0 (lb=0, ub=inf), x1 (lb=0, ub=inf), x2 (lb=0, ub=inf), x3 (lb=0, ub=inf), x4 (lb=0, ub=inf).  Nonlinear tightening can adjust 23 bounds via separable_quadratic_upper_bound. NLP solvers may fail (NaN, iteration_limit) when bounds exceed ~1e15. Add tighter explicit bounds, e.g. m.continuous('x', lb=0, ub=1000).
  return fn(*args, **kwargs)
meanvarx               off  optimal                 14.36923211        14.36923211    0.30  1.02e-10  {'stage_calls': 0, 'lp_calls': 0, 'deadline_calls': 0, 'declined': 0}
meanvarx               on   optimal                 14.36923211        14.36923211    0.40  1.02e-10  {'stage_calls': 0, 'lp_calls': 0, 'deadline_calls': 0, 'declined': 0}
nvs01                  off  optimal                 12.46966882        12.46966882    0.96  1.82e-12  {'stage_calls': 0, 'lp_calls': 0, 'deadline_calls': 0, 'declined': 0}
nvs01                  on   optimal                 12.46966882        12.46966882    0.95  1.82e-12  {'stage_calls': 0, 'lp_calls': 0, 'deadline_calls': 0, 'declined': 0}
nvs02                  off  optimal                 5.964184523        5.964184523    0.38  9.95e-14  {'stage_calls': 0, 'lp_calls': 0, 'deadline_calls': 0, 'declined': 0}
nvs02                  on   optimal                 5.964184523        5.964184523    0.41  9.95e-14  {'stage_calls': 0, 'lp_calls': 0, 'deadline_calls': 0, 'declined': 0}
nvs03                  off  optimal                          16                 16    0.08  0.00e+00  {'stage_calls': 1, 'lp_calls': 0, 'deadline_calls': 0, 'declined': 0}
nvs03                  on   optimal                          16                 16    0.08  0.00e+00  {'stage_calls': 1, 'lp_calls': 0, 'deadline_calls': 0, 'declined': 0}
[38;2;138;109;59m INFO[0m pounce_algorithm::conv_check::opt_error: refusing a termination certificate masked by an extreme objective scale; continuing toward the true minimum (obj_scale_certificate_threshold=0 disables) [3mobj_scale[0m[2m=[0m1.968516895119089e-6 [3munscaled_kkt_error[0m[2m=[0m0.006412063201096259 [3mscaled_nlp_error[0m[2m=[0m1.2622254743929374e-8 [3mthreshold[0m[2m=[0m0.0001
[38;2;138;109;59m INFO[0m pounce_algorithm::conv_check::opt_error: refusing a termination certificate masked by an extreme objective scale; continuing toward the true minimum (obj_scale_certificate_threshold=0 disables) [3mobj_scale[0m[2m=[0m1.5504319224258128e-5 [3munscaled_kkt_error[0m[2m=[0m9.717506991061491e-5 [3mscaled_nlp_error[0m[2m=[0m1.5066333045337743e-9 [3mthreshold[0m[2m=[0m0.0001
[38;2;138;109;59m INFO[0m pounce_algorithm::conv_check::opt_error: refusing a termination certificate masked by an extreme objective scale; continuing toward the true minimum (obj_scale_certificate_threshold=0 disables) [3mobj_scale[0m[2m=[0m5.863399825452219e-7 [3munscaled_kkt_error[0m[2m=[0m0.00011228824157759562 [3mscaled_nlp_error[0m[2m=[0m6.583908560664108e-11 [3mthreshold[0m[2m=[0m0.0001
nvs04                  off  optimal                        0.72               0.72    0.17  0.00e+00  {'stage_calls': 0, 'lp_calls': 0, 'deadline_calls': 0, 'declined': 0}
[38;2;138;109;59m INFO[0m pounce_algorithm::conv_check::opt_error: refusing a termination certificate masked by an extreme objective scale; continuing toward the true minimum (obj_scale_certificate_threshold=0 disables) [3mobj_scale[0m[2m=[0m1.968516895119089e-6 [3munscaled_kkt_error[0m[2m=[0m0.006412063201096259 [3mscaled_nlp_error[0m[2m=[0m1.2622254743929374e-8 [3mthreshold[0m[2m=[0m0.0001
[38;2;138;109;59m INFO[0m pounce_algorithm::conv_check::opt_error: refusing a termination certificate masked by an extreme objective scale; continuing toward the true minimum (obj_scale_certificate_threshold=0 disables) [3mobj_scale[0m[2m=[0m1.5504319224258128e-5 [3munscaled_kkt_error[0m[2m=[0m9.717506991061491e-5 [3mscaled_nlp_error[0m[2m=[0m1.5066333045337743e-9 [3mthreshold[0m[2m=[0m0.0001
[38;2;138;109;59m INFO[0m pounce_algorithm::conv_check::opt_error: refusing a termination certificate masked by an extreme objective scale; continuing toward the true minimum (obj_scale_certificate_threshold=0 disables) [3mobj_scale[0m[2m=[0m5.863399825452219e-7 [3munscaled_kkt_error[0m[2m=[0m0.00011228824157759562 [3mscaled_nlp_error[0m[2m=[0m6.583908560664108e-11 [3mthreshold[0m[2m=[0m0.0001
nvs04                  on   optimal                        0.72               0.72    0.15  0.00e+00  {'stage_calls': 0, 'lp_calls': 0, 'deadline_calls': 0, 'declined': 0}
/home/user/discopt/python/discopt/debug/__init__.py:98: UserWarning: Variables with very large or infinite declared bounds: x4 (lb=-inf, ub=inf), x5 (lb=-inf, ub=inf), x6 (lb=-inf, ub=inf), x7 (lb=-inf, ub=inf).  Nonlinear tightening can adjust 8 bounds via defined_variable_forward. NLP solvers may fail (NaN, iteration_limit) when bounds exceed ~1e15. Add tighter explicit bounds, e.g. m.continuous('x', lb=0, ub=1000).
  return fn(*args, **kwargs)
nvs05                  off  feasible                8.731956978        3.542480732   30.04  1.82e-12  {'stage_calls': 0, 'lp_calls': 0, 'deadline_calls': 0, 'declined': 0}
nvs05                  on   feasible                8.731956978        3.542480732   30.30  1.82e-12  {'stage_calls': 0, 'lp_calls': 0, 'deadline_calls': 0, 'declined': 0}
nvs06                  off  optimal                   1.7703125          1.7703125    0.66  0.00e+00  {'stage_calls': 0, 'lp_calls': 0, 'deadline_calls': 0, 'declined': 0}
nvs06                  on   optimal                   1.7703125          1.7703125    0.64  0.00e+00  {'stage_calls': 0, 'lp_calls': 0, 'deadline_calls': 0, 'declined': 0}
nvs07                  off  optimal                           4                  4    0.04  0.00e+00  {'stage_calls': 0, 'lp_calls': 0, 'deadline_calls': 0, 'declined': 0}
nvs07                  on   optimal                           4                  4    0.04  0.00e+00  {'stage_calls': 0, 'lp_calls': 0, 'deadline_calls': 0, 'declined': 0}
nvs08                  off  optimal                 23.44972736        23.44972735    0.89  0.00e+00  {'stage_calls': 0, 'lp_calls': 0, 'deadline_calls': 0, 'declined': 0}
nvs08                  on   optimal                 23.44972736        23.44972735    0.87  0.00e+00  {'stage_calls': 0, 'lp_calls': 0, 'deadline_calls': 0, 'declined': 0}
nvs09                  off  optimal                -43.13433692       -43.13433692    2.52  0.00e+00  {'stage_calls': 0, 'lp_calls': 0, 'deadline_calls': 0, 'declined': 0}
nvs09                  on   optimal                -43.13433692       -43.13433692    2.39  0.00e+00  {'stage_calls': 0, 'lp_calls': 0, 'deadline_calls': 0, 'declined': 0}
nvs10                  off  optimal                      -310.8             -310.8    0.12  0.00e+00  {'stage_calls': 0, 'lp_calls': 0, 'deadline_calls': 0, 'declined': 0}
nvs10                  on   optimal                      -310.8             -310.8    0.10  0.00e+00  {'stage_calls': 0, 'lp_calls': 0, 'deadline_calls': 0, 'declined': 0}
nvs11                  off  optimal                        -431               -431    0.61  0.00e+00  {'stage_calls': 0, 'lp_calls': 0, 'deadline_calls': 0, 'declined': 0}
nvs11                  on   optimal                        -431               -431    0.58  0.00e+00  {'stage_calls': 0, 'lp_calls': 0, 'deadline_calls': 0, 'declined': 0}
nvs12                  off  optimal                      -481.2             -481.2    2.24  0.00e+00  {'stage_calls': 0, 'lp_calls': 0, 'deadline_calls': 0, 'declined': 0}
nvs12                  on   optimal                      -481.2             -481.2    1.94  0.00e+00  {'stage_calls': 0, 'lp_calls': 0, 'deadline_calls': 0, 'declined': 0}
nvs13                  off  optimal                      -585.2             -585.2    0.66  0.00e+00  {'stage_calls': 0, 'lp_calls': 0, 'deadline_calls': 0, 'declined': 0}
nvs13                  on   optimal                      -585.2             -585.2    0.59  0.00e+00  {'stage_calls': 0, 'lp_calls': 0, 'deadline_calls': 0, 'declined': 0}
nvs14                  off  optimal                -40358.15477       -40358.15477    0.52  1.28e-13  {'stage_calls': 0, 'lp_calls': 0, 'deadline_calls': 0, 'declined': 0}
nvs14                  on   optimal                -40358.15477       -40358.15477    0.48  1.28e-13  {'stage_calls': 0, 'lp_calls': 0, 'deadline_calls': 0, 'declined': 0}
nvs15                  off  optimal                           1                  1    0.06  0.00e+00  {'stage_calls': 0, 'lp_calls': 0, 'deadline_calls': 0, 'declined': 0}
nvs15                  on   optimal                           1                  1    0.06  0.00e+00  {'stage_calls': 0, 'lp_calls': 0, 'deadline_calls': 0, 'declined': 0}
[38;2;138;109;59m INFO[0m pounce_algorithm::conv_check::opt_error: refusing a termination certificate masked by an extreme objective scale; continuing toward the true minimum (obj_scale_certificate_threshold=0 disables) [3mobj_scale[0m[2m=[0m1e-8 [3munscaled_kkt_error[0m[2m=[0m1.2544302837886403e-5 [3mscaled_nlp_error[0m[2m=[0m1.2544302837886402e-13 [3mthreshold[0m[2m=[0m0.0001
[38;2;138;109;59m INFO[0m pounce_algorithm::conv_check::opt_error: refusing a termination certificate masked by an extreme objective scale; continuing toward the true minimum (obj_scale_certificate_threshold=0 disables) [3mobj_scale[0m[2m=[0m1e-8 [3munscaled_kkt_error[0m[2m=[0m0.00018189889412895032 [3mscaled_nlp_error[0m[2m=[0m1.2544302837886402e-13 [3mthreshold[0m[2m=[0m0.0001
[38;2;138;109;59m INFO[0m pounce_algorithm::conv_check::opt_error: refusing a termination certificate masked by an extreme objective scale; continuing toward the true minimum (obj_scale_certificate_threshold=0 disables) [3mobj_scale[0m[2m=[0m1e-8 [3munscaled_kkt_error[0m[2m=[0m0.00018189896853074708 [3mscaled_nlp_error[0m[2m=[0m1.2544302845983725e-13 [3mthreshold[0m[2m=[0m0.0001
[38;2;138;109;59m INFO[0m pounce_algorithm::conv_check::opt_error: refusing a termination certificate masked by an extreme objective scale; continuing toward the true minimum (obj_scale_certificate_threshold=0 disables) [3mobj_scale[0m[2m=[0m1e-8 [3munscaled_kkt_error[0m[2m=[0m1.2544302837886403e-5 [3mscaled_nlp_error[0m[2m=[0m1.2544302837886402e-13 [3mthreshold[0m[2m=[0m0.0001
nvs16                  off  optimal                    0.703125       0.7031249895    0.73  0.00e+00  {'stage_calls': 0, 'lp_calls': 0, 'deadline_calls': 0, 'declined': 0}
[38;2;138;109;59m INFO[0m pounce_algorithm::conv_check::opt_error: refusing a termination certificate masked by an extreme objective scale; continuing toward the true minimum (obj_scale_certificate_threshold=0 disables) [3mobj_scale[0m[2m=[0m1e-8 [3munscaled_kkt_error[0m[2m=[0m1.2544302837886403e-5 [3mscaled_nlp_error[0m[2m=[0m1.2544302837886402e-13 [3mthreshold[0m[2m=[0m0.0001
[38;2;138;109;59m INFO[0m pounce_algorithm::conv_check::opt_error: refusing a termination certificate masked by an extreme objective scale; continuing toward the true minimum (obj_scale_certificate_threshold=0 disables) [3mobj_scale[0m[2m=[0m1e-8 [3munscaled_kkt_error[0m[2m=[0m0.00018189889412895032 [3mscaled_nlp_error[0m[2m=[0m1.2544302837886402e-13 [3mthreshold[0m[2m=[0m0.0001
[38;2;138;109;59m INFO[0m pounce_algorithm::conv_check::opt_error: refusing a termination certificate masked by an extreme objective scale; continuing toward the true minimum (obj_scale_certificate_threshold=0 disables) [3mobj_scale[0m[2m=[0m1e-8 [3munscaled_kkt_error[0m[2m=[0m0.00018189896853074708 [3mscaled_nlp_error[0m[2m=[0m1.2544302845983725e-13 [3mthreshold[0m[2m=[0m0.0001
[38;2;138;109;59m INFO[0m pounce_algorithm::conv_check::opt_error: refusing a termination certificate masked by an extreme objective scale; continuing toward the true minimum (obj_scale_certificate_threshold=0 disables) [3mobj_scale[0m[2m=[0m1e-8 [3munscaled_kkt_error[0m[2m=[0m1.2544302837886403e-5 [3mscaled_nlp_error[0m[2m=[0m1.2544302837886402e-13 [3mthreshold[0m[2m=[0m0.0001
nvs16                  on   optimal                    0.703125       0.7031249895    0.84  0.00e+00  {'stage_calls': 0, 'lp_calls': 0, 'deadline_calls': 0, 'declined': 0}
nvs17                  off  time_limit                  -1100.4       -1186.408702   30.01  0.00e+00  {'stage_calls': 0, 'lp_calls': 0, 'deadline_calls': 0, 'declined': 0}
nvs17                  on   time_limit                  -1100.4            -1180.5   30.01  0.00e+00  {'stage_calls': 0, 'lp_calls': 0, 'deadline_calls': 0, 'declined': 0}
nvs18                  off  optimal                      -778.4             -778.4    3.98  0.00e+00  {'stage_calls': 0, 'lp_calls': 0, 'deadline_calls': 0, 'declined': 0}
nvs18                  on   optimal                      -778.4             -778.4    4.02  0.00e+00  {'stage_calls': 0, 'lp_calls': 0, 'deadline_calls': 0, 'declined': 0}
nvs19                  off  time_limit                  -1098.2       -4156.944643   30.01  0.00e+00  {'stage_calls': 0, 'lp_calls': 0, 'deadline_calls': 0, 'declined': 0}
nvs19                  on   time_limit                  -1098.2       -4065.560983   30.01  0.00e+00  {'stage_calls': 0, 'lp_calls': 0, 'deadline_calls': 0, 'declined': 0}
nvs20                  off  time_limit              230.9221652        193.4982964   30.01  0.00e+00  {'stage_calls': 0, 'lp_calls': 0, 'deadline_calls': 0, 'declined': 0}
nvs20                  on   time_limit              230.9221652        193.4982964   30.01  0.00e+00  {'stage_calls': 0, 'lp_calls': 0, 'deadline_calls': 0, 'declined': 0}
nvs21                  off  optimal                -5.684782472         -5.6847825    1.42  0.00e+00  {'stage_calls': 0, 'lp_calls': 0, 'deadline_calls': 0, 'declined': 0}
nvs21                  on   optimal                -5.684782472         -5.6847825    1.41  0.00e+00  {'stage_calls': 0, 'lp_calls': 0, 'deadline_calls': 0, 'declined': 0}
nvs22                  off  optimal                     6.05822            6.05822   14.36  3.20e-08  {'stage_calls': 0, 'lp_calls': 0, 'deadline_calls': 0, 'declined': 0}
nvs22                  on   optimal                     6.05822            6.05822   14.17  3.20e-08  {'stage_calls': 0, 'lp_calls': 0, 'deadline_calls': 0, 'declined': 0}
nvs23                  off  time_limit                  -1124.8       -23900.88333   30.02  0.00e+00  {'stage_calls': 0, 'lp_calls': 0, 'deadline_calls': 0, 'declined': 0}
nvs23                  on   time_limit                  -1124.8           -23906.9   30.02  0.00e+00  {'stage_calls': 0, 'lp_calls': 0, 'deadline_calls': 0, 'declined': 0}
nvs24                  off  time_limit                  -1031.8       -145262.7923   30.02  0.00e+00  {'stage_calls': 0, 'lp_calls': 0, 'deadline_calls': 0, 'declined': 0}
nvs24                  on   time_limit                  -1031.8       -146126.6346   30.02  0.00e+00  {'stage_calls': 0, 'lp_calls': 0, 'deadline_calls': 0, 'declined': 0}
/home/user/discopt/python/discopt/debug/__init__.py:98: UserWarning: Variables with very large or infinite declared bounds: x0 (lb=0, ub=inf), x1 (lb=0, ub=inf), x2 (lb=0, ub=inf), x3 (lb=0, ub=inf), x4 (lb=0, ub=inf).  Nonlinear tightening can adjust 5 bounds via separable_quadratic_upper_bound, monotone_function_equality. NLP solvers may fail (NaN, iteration_limit) when bounds exceed ~1e15. Add tighter explicit bounds, e.g. m.continuous('x', lb=0, ub=1000).
  return fn(*args, **kwargs)
McCormick 'nlp' objective bound is not a valid dual bound for nonconvex models (issue #120); falling back to the alphaBB underestimator. Use mccormick_bounds='lp' for a valid spatial relaxation on models with continuous variables.
oaer                   off  optimal                -1.923098495       -1.923098568    0.91  2.22e-16  {'stage_calls': 0, 'lp_calls': 0, 'deadline_calls': 0, 'declined': 0}
McCormick 'nlp' objective bound is not a valid dual bound for nonconvex models (issue #120); falling back to the alphaBB underestimator. Use mccormick_bounds='lp' for a valid spatial relaxation on models with continuous variables.
oaer                   on   optimal                -1.923098495       -1.923098568    0.88  2.22e-16  {'stage_calls': 0, 'lp_calls': 0, 'deadline_calls': 0, 'declined': 0}
prob02                 off  optimal                      112235             112235    0.12  2.31e-13  {'stage_calls': 0, 'lp_calls': 0, 'deadline_calls': 0, 'declined': 0}
prob02                 on   optimal                      112235             112235    0.12  2.31e-13  {'stage_calls': 0, 'lp_calls': 0, 'deadline_calls': 0, 'declined': 0}
prob03                 off  optimal                          10                 10    0.01  0.00e+00  {'stage_calls': 0, 'lp_calls': 0, 'deadline_calls': 0, 'declined': 0}
prob03                 on   optimal                          10                 10    0.01  0.00e+00  {'stage_calls': 0, 'lp_calls': 0, 'deadline_calls': 0, 'declined': 0}
prob06                 off  optimal                 1.177124349         1.17712207    0.10  0.00e+00  {'stage_calls': 0, 'lp_calls': 0, 'deadline_calls': 0, 'declined': 0}
prob06                 on   optimal                 1.177124349         1.17712207    0.10  0.00e+00  {'stage_calls': 0, 'lp_calls': 0, 'deadline_calls': 0, 'declined': 0}
prob10                 off  optimal                 3.445503803        3.445503794    0.70  0.00e+00  {'stage_calls': 0, 'lp_calls': 0, 'deadline_calls': 0, 'declined': 0}
prob10                 on   optimal                 3.445503803        3.445503794    0.70  0.00e+00  {'stage_calls': 0, 'lp_calls': 0, 'deadline_calls': 0, 'declined': 0}
st_e01                 off  optimal                -6.666666703       -6.666666703    0.06  4.98e-08  {'stage_calls': 0, 'lp_calls': 0, 'deadline_calls': 0, 'declined': 0}
st_e01                 on   optimal                -6.666666703       -6.666666703    0.05  4.98e-08  {'stage_calls': 0, 'lp_calls': 0, 'deadline_calls': 0, 'declined': 0}
st_e02                 off  optimal                 201.1593341        201.1592711    0.07  0.00e+00  {'stage_calls': 0, 'lp_calls': 0, 'deadline_calls': 0, 'declined': 0}
st_e02                 on   optimal                 201.1593341        201.1592711    0.06  0.00e+00  {'stage_calls': 0, 'lp_calls': 0, 'deadline_calls': 0, 'declined': 0}
st_e03                 off  optimal                -1161.336602       -1161.439265    5.91  1.86e-09  {'stage_calls': 0, 'lp_calls': 0, 'deadline_calls': 0, 'declined': 0}
st_e03                 on   optimal                -1161.336602       -1161.439265    5.78  1.86e-09  {'stage_calls': 0, 'lp_calls': 0, 'deadline_calls': 0, 'declined': 0}
st_e04                 off  optimal                 5194.866244        5194.866244    1.46  3.41e-13  {'stage_calls': 0, 'lp_calls': 0, 'deadline_calls': 0, 'declined': 0}
st_e04                 on   optimal                 5194.866244        5194.866244    1.46  3.41e-13  {'stage_calls': 0, 'lp_calls': 0, 'deadline_calls': 0, 'declined': 0}
st_e05                 off  optimal                 7049.249272         7049.02179    1.41  1.86e-09  {'stage_calls': 0, 'lp_calls': 0, 'deadline_calls': 0, 'declined': 0}
st_e05                 on   optimal                 7049.249272         7049.02179    1.42  1.86e-09  {'stage_calls': 0, 'lp_calls': 0, 'deadline_calls': 0, 'declined': 0}
st_e06                 off  optimal                           0                  0    0.11  0.00e+00  {'stage_calls': 0, 'lp_calls': 0, 'deadline_calls': 0, 'declined': 0}
st_e06                 on   optimal                           0                  0    0.11  0.00e+00  {'stage_calls': 0, 'lp_calls': 0, 'deadline_calls': 0, 'declined': 0}
st_e07                 off  optimal                        -400               -400    0.27  1.56e-13  {'stage_calls': 0, 'lp_calls': 0, 'deadline_calls': 0, 'declined': 0}
st_e07                 on   optimal                        -400               -400    0.27  1.56e-13  {'stage_calls': 0, 'lp_calls': 0, 'deadline_calls': 0, 'declined': 0}
st_e08                 off  optimal                0.7417819764       0.7417819517    0.27  0.00e+00  {'stage_calls': 0, 'lp_calls': 0, 'deadline_calls': 0, 'declined': 0}
st_e08                 on   optimal                0.7417819764       0.7417819517    0.28  0.00e+00  {'stage_calls': 0, 'lp_calls': 0, 'deadline_calls': 0, 'declined': 0}
st_e09                 off  optimal               -0.4999999909      -0.5000006232    0.25  0.00e+00  {'stage_calls': 0, 'lp_calls': 0, 'deadline_calls': 0, 'declined': 0}
st_e09                 on   optimal               -0.4999999909      -0.5000006232    0.25  0.00e+00  {'stage_calls': 0, 'lp_calls': 0, 'deadline_calls': 0, 'declined': 0}
st_e11                 off  optimal                 189.3116328        189.3116297    1.40  1.82e-12  {'stage_calls': 0, 'lp_calls': 0, 'deadline_calls': 0, 'declined': 0}
st_e11                 on   optimal                 189.3116328        189.3116297    1.46  1.82e-12  {'stage_calls': 0, 'lp_calls': 0, 'deadline_calls': 0, 'declined': 0}
st_e13                 off  optimal                 2.000000003                  2    0.02  0.00e+00  {'stage_calls': 0, 'lp_calls': 0, 'deadline_calls': 0, 'declined': 0}
st_e13                 on   optimal                 2.000000003                  2    0.02  0.00e+00  {'stage_calls': 0, 'lp_calls': 0, 'deadline_calls': 0, 'declined': 0}
st_e15                 off  optimal                 7.667180069        7.667180069    0.49  2.22e-16  {'stage_calls': 0, 'lp_calls': 0, 'deadline_calls': 0, 'declined': 0}
st_e15                 on   optimal                 7.667180069        7.667180069    0.51  2.22e-16  {'stage_calls': 0, 'lp_calls': 0, 'deadline_calls': 0, 'declined': 0}
st_e17                 off  optimal                 376.2919323        376.2919323    0.01  0.00e+00  {'stage_calls': 0, 'lp_calls': 0, 'deadline_calls': 0, 'declined': 0}
st_e17                 on   optimal                 376.2919323        376.2919323    0.01  0.00e+00  {'stage_calls': 0, 'lp_calls': 0, 'deadline_calls': 0, 'declined': 0}
st_e18                 off  optimal                -2.828427122       -2.828427125    0.10  0.00e+00  {'stage_calls': 0, 'lp_calls': 0, 'deadline_calls': 0, 'declined': 0}
st_e18                 on   optimal                -2.828427122       -2.828427125    0.09  0.00e+00  {'stage_calls': 0, 'lp_calls': 0, 'deadline_calls': 0, 'declined': 0}
st_e27                 off  optimal                           2                  2    0.07  6.31e-16  {'stage_calls': 0, 'lp_calls': 0, 'deadline_calls': 0, 'declined': 0}
st_e27                 on   optimal                           2                  2    0.08  6.31e-16  {'stage_calls': 0, 'lp_calls': 0, 'deadline_calls': 0, 'declined': 0}
st_e29                 off  optimal               -0.9434704909         -0.9434705    1.66  1.24e-11  {'stage_calls': 0, 'lp_calls': 0, 'deadline_calls': 0, 'declined': 0}
st_e29                 on   optimal               -0.9434704909         -0.9434705    1.75  1.24e-11  {'stage_calls': 0, 'lp_calls': 0, 'deadline_calls': 0, 'declined': 0}
/home/user/discopt/python/discopt/debug/__init__.py:98: UserWarning: Variables with very large or infinite declared bounds: x20 (lb=-inf, ub=3), x32 (lb=-inf, ub=3), x75 (lb=-6, ub=inf), x76 (lb=-6, ub=inf), x79 (lb=0, ub=inf).  Nonlinear tightening can adjust 24 bounds via defined_variable_forward, separable_quadratic_upper_bound. NLP solvers may fail (NaN, iteration_limit) when bounds exceed ~1e15. Add tighter explicit bounds, e.g. m.continuous('x', lb=0, ub=1000).
  return fn(*args, **kwargs)
st_e31                 off  time_limit              -1.99999999       -2.000124719   30.01  7.12e-09  {'stage_calls': 0, 'lp_calls': 0, 'deadline_calls': 0, 'declined': 0}
st_e31                 on   time_limit              -1.99999999       -2.000124719   30.02  7.12e-09  {'stage_calls': 0, 'lp_calls': 0, 'deadline_calls': 0, 'declined': 0}
st_e35                 off  time_limit                     None        13756.62842   30.11      None  {'stage_calls': 0, 'lp_calls': 0, 'deadline_calls': 0, 'declined': 0}
st_e35                 on   time_limit                     None        13756.62842   30.10      None  {'stage_calls': 0, 'lp_calls': 0, 'deadline_calls': 0, 'declined': 0}
st_e36                 off  optimal                        -246               -246    6.40  0.00e+00  {'stage_calls': 0, 'lp_calls': 0, 'deadline_calls': 0, 'declined': 0}
st_e36                 on   optimal                        -246               -246    6.20  0.00e+00  {'stage_calls': 0, 'lp_calls': 0, 'deadline_calls': 0, 'declined': 0}
st_e38                 off  optimal                 7197.727149        7197.727149    0.46  0.00e+00  {'stage_calls': 0, 'lp_calls': 0, 'deadline_calls': 0, 'declined': 0}
st_e38                 on   optimal                 7197.727149        7197.727149    0.49  0.00e+00  {'stage_calls': 0, 'lp_calls': 0, 'deadline_calls': 0, 'declined': 0}
/home/user/discopt/python/discopt/debug/__init__.py:98: UserWarning: Variables with very large or infinite declared bounds: x3 (lb=-inf, ub=inf).  Nonlinear tightening can adjust 2 bounds via defined_variable_forward, separable_quadratic_upper_bound. NLP solvers may fail (NaN, iteration_limit) when bounds exceed ~1e15. Add tighter explicit bounds, e.g. m.continuous('x', lb=0, ub=1000).
  return fn(*args, **kwargs)
st_e40                 off  optimal                  30.4142135         30.4142135   17.50  0.00e+00  {'stage_calls': 0, 'lp_calls': 0, 'deadline_calls': 0, 'declined': 0}
st_e40                 on   optimal                  30.4142135         30.4142135   17.11  0.00e+00  {'stage_calls': 0, 'lp_calls': 0, 'deadline_calls': 0, 'declined': 0}
st_miqp1               off  optimal                 280.9999999        280.9999999    0.02  0.00e+00  {'stage_calls': 0, 'lp_calls': 0, 'deadline_calls': 0, 'declined': 0}
st_miqp1               on   optimal                 280.9999999        280.9999999    0.02  0.00e+00  {'stage_calls': 0, 'lp_calls': 0, 'deadline_calls': 0, 'declined': 0}
st_miqp2               off  optimal                 1.999999999        1.999999999    0.03  0.00e+00  {'stage_calls': 0, 'lp_calls': 0, 'deadline_calls': 0, 'declined': 0}
st_miqp2               on   optimal                 1.999999999        1.999999999    0.03  0.00e+00  {'stage_calls': 0, 'lp_calls': 0, 'deadline_calls': 0, 'declined': 0}
st_miqp3               off  optimal                          -6                 -6    0.01  0.00e+00  {'stage_calls': 0, 'lp_calls': 0, 'deadline_calls': 0, 'declined': 0}
st_miqp3               on   optimal                          -6                 -6    0.01  0.00e+00  {'stage_calls': 0, 'lp_calls': 0, 'deadline_calls': 0, 'declined': 0}
st_miqp4               off  optimal                       -4574              -4574    0.03  3.06e-12  {'stage_calls': 0, 'lp_calls': 0, 'deadline_calls': 0, 'declined': 0}
st_miqp4               on   optimal                       -4574              -4574    0.03  3.06e-12  {'stage_calls': 0, 'lp_calls': 0, 'deadline_calls': 0, 'declined': 0}
st_miqp5               off  optimal                -333.8888889       -333.8888889    0.03  1.43e-10  {'stage_calls': 0, 'lp_calls': 0, 'deadline_calls': 0, 'declined': 0}
st_miqp5               on   optimal                -333.8888889       -333.8888889    0.02  1.43e-10  {'stage_calls': 0, 'lp_calls': 0, 'deadline_calls': 0, 'declined': 0}
/home/user/discopt/python/discopt/debug/__init__.py:98: UserWarning: Variables with very large or infinite declared bounds: x0 (lb=0, ub=inf), x1 (lb=-inf, ub=0).  Nonlinear tightening can adjust 2 bounds via separable_quadratic_upper_bound. NLP solvers may fail (NaN, iteration_limit) when bounds exceed ~1e15. Add tighter explicit bounds, e.g. m.continuous('x', lb=0, ub=1000).
  return fn(*args, **kwargs)
[38;2;138;109;59m INFO[0m pounce_algorithm::conv_check::opt_error: refusing a termination certificate masked by an extreme objective scale; continuing toward the true minimum (obj_scale_certificate_threshold=0 disables) [3mobj_scale[0m[2m=[0m5.643518051020312e-5 [3munscaled_kkt_error[0m[2m=[0m9.090986081597106e-6 [3mscaled_nlp_error[0m[2m=[0m5.130514405306769e-10 [3mthreshold[0m[2m=[0m0.0001
[38;2;138;109;59m INFO[0m pounce_algorithm::conv_check::opt_error: refusing a termination certificate masked by an extreme objective scale; continuing toward the true minimum (obj_scale_certificate_threshold=0 disables) [3mobj_scale[0m[2m=[0m2.576877041263959e-5 [3munscaled_kkt_error[0m[2m=[0m9.725660953845932e-5 [3mscaled_nlp_error[0m[2m=[0m2.506183242308292e-9 [3mthreshold[0m[2m=[0m0.0001
[38;2;138;109;59m INFO[0m pounce_algorithm::conv_check::opt_error: refusing a termination certificate masked by an extreme objective scale; continuing toward the true minimum (obj_scale_certificate_threshold=0 disables) [3mobj_scale[0m[2m=[0m5.009384993886104e-5 [3munscaled_kkt_error[0m[2m=[0m9.091105832834299e-6 [3mscaled_nlp_error[0m[2m=[0m4.554084913683057e-10 [3mthreshold[0m[2m=[0m0.0001
[38;2;138;109;59m INFO[0m pounce_algorithm::conv_check::opt_error: refusing a termination certificate masked by an extreme objective scale; continuing toward the true minimum (obj_scale_certificate_threshold=0 disables) [3mobj_scale[0m[2m=[0m5.1426530042492047e-5 [3munscaled_kkt_error[0m[2m=[0m9.091006564769515e-6 [3mscaled_nlp_error[0m[2m=[0m4.675189222196119e-10 [3mthreshold[0m[2m=[0m0.0001
[38;2;138;109;59m INFO[0m pounce_algorithm::conv_check::opt_error: refusing a termination certificate masked by an extreme objective scale; continuing toward the true minimum (obj_scale_certificate_threshold=0 disables) [3mobj_scale[0m[2m=[0m3.0377721804739403e-5 [3munscaled_kkt_error[0m[2m=[0m9.091743084170412e-6 [3mscaled_nlp_error[0m[2m=[0m2.7618644213109216e-10 [3mthreshold[0m[2m=[0m0.0001
[38;2;138;109;59m INFO[0m pounce_algorithm::conv_check::opt_error: refusing a termination certificate masked by an extreme objective scale; continuing toward the true minimum (obj_scale_certificate_threshold=0 disables) [3mobj_scale[0m[2m=[0m1.803440038344344e-5 [3munscaled_kkt_error[0m[2m=[0m9.092383345616701e-6 [3mscaled_nlp_error[0m[2m=[0m1.639756816946046e-10 [3mthreshold[0m[2m=[0m0.0001
[38;2;138;109;59m INFO[0m pounce_algorithm::conv_check::opt_error: refusing a termination certificate masked by an extreme objective scale; continuing toward the true minimum (obj_scale_certificate_threshold=0 disables) [3mobj_scale[0m[2m=[0m6.561600972769992e-5 [3munscaled_kkt_error[0m[2m=[0m9.091544197265298e-6 [3mscaled_nlp_error[0m[2m=[0m5.965508524875735e-10 [3mthreshold[0m[2m=[0m0.0001
[38;2;138;109;59m INFO[0m pounce_algorithm::conv_check::opt_error: refusing a termination certificate masked by an extreme objective scale; continuing toward the true minimum (obj_scale_certificate_threshold=0 disables) [3mobj_scale[0m[2m=[0m1.7538562719918114e-5 [3munscaled_kkt_error[0m[2m=[0m9.092233558752657e-6 [3mscaled_nlp_error[0m[2m=[0m1.5946470853432775e-10 [3mthreshold[0m[2m=[0m0.0001
[38;2;138;109;59m INFO[0m pounce_algorithm::conv_check::opt_error: refusing a termination certificate masked by an extreme objective scale; continuing toward the true minimum (obj_scale_certificate_threshold=0 disables) [3mobj_scale[0m[2m=[0m3.374691118135558e-5 [3munscaled_kkt_error[0m[2m=[0m9.091114716841276e-6 [3mscaled_nlp_error[0m[2m=[0m3.0679704088875714e-10 [3mthreshold[0m[2m=[0m0.0001
[38;2;138;109;59m INFO[0m pounce_algorithm::conv_check::opt_error: refusing a termination certificate masked by an extreme objective scale; continuing toward the true minimum (obj_scale_certificate_threshold=0 disables) [3mobj_scale[0m[2m=[0m1.603418859259077e-5 [3munscaled_kkt_error[0m[2m=[0m9.092515799336752e-6 [3mscaled_nlp_error[0m[2m=[0m1.4579111310767667e-10 [3mthreshold[0m[2m=[0m0.0001
[38;2;138;109;59m INFO[0m pounce_algorithm::conv_check::opt_error: refusing a termination certificate masked by an extreme objective scale; continuing toward the true minimum (obj_scale_certificate_threshold=0 disables) [3mobj_scale[0m[2m=[0m1.4922760352860781e-5 [3munscaled_kkt_error[0m[2m=[0m9.092779418666258e-6 [3mscaled_nlp_error[0m[2m=[0m1.3568936820618133e-10 [3mthreshold[0m[2m=[0m0.0001
[38;2;138;109;59m INFO[0m pounce_algorithm::conv_check::opt_error: refusing a termination certificate masked by an extreme objective scale; continuing toward the true minimum (obj_scale_certificate_threshold=0 disables) [3mobj_scale[0m[2m=[0m2.329854630273552e-5 [3munscaled_kkt_error[0m[2m=[0m9.091363311791169e-6 [3mscaled_nlp_error[0m[2m=[0m2.1181554907475752e-10 [3mthreshold[0m[2m=[0m0.0001
[38;2;138;109;59m INFO[0m pounce_algorithm::conv_check::opt_error: refusing a termination certificate masked by an extreme objective scale; continuing toward the true minimum (obj_scale_certificate_threshold=0 disables) [3mobj_scale[0m[2m=[0m2.170573977537832e-5 [3munscaled_kkt_error[0m[2m=[0m9.09174877840106e-6 [3mscaled_nlp_error[0m[2m=[0m1.9734313308708713e-10 [3mthreshold[0m[2m=[0m0.0001
[38;2;138;109;59m INFO[0m pounce_algorithm::conv_check::opt_error: refusing a termination certificate masked by an extreme objective scale; continuing toward the true minimum (obj_scale_certificate_threshold=0 disables) [3mobj_scale[0m[2m=[0m3.69257515434723e-5 [3munscaled_kkt_error[0m[2m=[0m9.091278104951499e-6 [3mscaled_nlp_error[0m[2m=[0m3.3570227651604876e-10 [3mthreshold[0m[2m=[0m0.0001
[38;2;138;109;59m INFO[0m pounce_algorithm::conv_check::opt_error: refusing a termination certificate masked by an extreme objective scale; continuing toward the true minimum (obj_scale_certificate_threshold=0 disables) [3mobj_scale[0m[2m=[0m1.9654355058244143e-5 [3munscaled_kkt_error[0m[2m=[0m9.092077030135438e-6 [3mscaled_nlp_error[0m[2m=[0m1.7869891016718782e-10 [3mthreshold[0m[2m=[0m0.0001
[38;2;138;109;59m INFO[0m pounce_algorithm::conv_check::opt_error: refusing a termination certificate masked by an extreme objective scale; continuing toward the true minimum (obj_scale_certificate_threshold=0 disables) [3mobj_scale[0m[2m=[0m4.2882320096574627e-5 [3munscaled_kkt_error[0m[2m=[0m9.091180424974535e-6 [3mscaled_nlp_error[0m[2m=[0m3.8985090903947133e-10 [3mthreshold[0m[2m=[0m0.0001
st_ph10                off  optimal                -10.49999999       -10.50000002    0.16  0.00e+00  {'stage_calls': 0, 'lp_calls': 0, 'deadline_calls': 0, 'declined': 0}
[38;2;138;109;59m INFO[0m pounce_algorithm::conv_check::opt_error: refusing a termination certificate masked by an extreme objective scale; continuing toward the true minimum (obj_scale_certificate_threshold=0 disables) [3mobj_scale[0m[2m=[0m5.643518051020312e-5 [3munscaled_kkt_error[0m[2m=[0m9.090986081597106e-6 [3mscaled_nlp_error[0m[2m=[0m5.130514405306769e-10 [3mthreshold[0m[2m=[0m0.0001
[38;2;138;109;59m INFO[0m pounce_algorithm::conv_check::opt_error: refusing a termination certificate masked by an extreme objective scale; continuing toward the true minimum (obj_scale_certificate_threshold=0 disables) [3mobj_scale[0m[2m=[0m2.576877041263959e-5 [3munscaled_kkt_error[0m[2m=[0m9.725660953845932e-5 [3mscaled_nlp_error[0m[2m=[0m2.506183242308292e-9 [3mthreshold[0m[2m=[0m0.0001
[38;2;138;109;59m INFO[0m pounce_algorithm::conv_check::opt_error: refusing a termination certificate masked by an extreme objective scale; continuing toward the true minimum (obj_scale_certificate_threshold=0 disables) [3mobj_scale[0m[2m=[0m5.009384993886104e-5 [3munscaled_kkt_error[0m[2m=[0m9.091105832834299e-6 [3mscaled_nlp_error[0m[2m=[0m4.554084913683057e-10 [3mthreshold[0m[2m=[0m0.0001
[38;2;138;109;59m INFO[0m pounce_algorithm::conv_check::opt_error: refusing a termination certificate masked by an extreme objective scale; continuing toward the true minimum (obj_scale_certificate_threshold=0 disables) [3mobj_scale[0m[2m=[0m5.1426530042492047e-5 [3munscaled_kkt_error[0m[2m=[0m9.091006564769515e-6 [3mscaled_nlp_error[0m[2m=[0m4.675189222196119e-10 [3mthreshold[0m[2m=[0m0.0001
[38;2;138;109;59m INFO[0m pounce_algorithm::conv_check::opt_error: refusing a termination certificate masked by an extreme objective scale; continuing toward the true minimum (obj_scale_certificate_threshold=0 disables) [3mobj_scale[0m[2m=[0m3.0377721804739403e-5 [3munscaled_kkt_error[0m[2m=[0m9.091743084170412e-6 [3mscaled_nlp_error[0m[2m=[0m2.7618644213109216e-10 [3mthreshold[0m[2m=[0m0.0001
[38;2;138;109;59m INFO[0m pounce_algorithm::conv_check::opt_error: refusing a termination certificate masked by an extreme objective scale; continuing toward the true minimum (obj_scale_certificate_threshold=0 disables) [3mobj_scale[0m[2m=[0m1.803440038344344e-5 [3munscaled_kkt_error[0m[2m=[0m9.092383345616701e-6 [3mscaled_nlp_error[0m[2m=[0m1.639756816946046e-10 [3mthreshold[0m[2m=[0m0.0001
[38;2;138;109;59m INFO[0m pounce_algorithm::conv_check::opt_error: refusing a termination certificate masked by an extreme objective scale; continuing toward the true minimum (obj_scale_certificate_threshold=0 disables) [3mobj_scale[0m[2m=[0m6.561600972769992e-5 [3munscaled_kkt_error[0m[2m=[0m9.091544197265298e-6 [3mscaled_nlp_error[0m[2m=[0m5.965508524875735e-10 [3mthreshold[0m[2m=[0m0.0001
[38;2;138;109;59m INFO[0m pounce_algorithm::conv_check::opt_error: refusing a termination certificate masked by an extreme objective scale; continuing toward the true minimum (obj_scale_certificate_threshold=0 disables) [3mobj_scale[0m[2m=[0m1.7538562719918114e-5 [3munscaled_kkt_error[0m[2m=[0m9.092233558752657e-6 [3mscaled_nlp_error[0m[2m=[0m1.5946470853432775e-10 [3mthreshold[0m[2m=[0m0.0001
[38;2;138;109;59m INFO[0m pounce_algorithm::conv_check::opt_error: refusing a termination certificate masked by an extreme objective scale; continuing toward the true minimum (obj_scale_certificate_threshold=0 disables) [3mobj_scale[0m[2m=[0m3.374691118135558e-5 [3munscaled_kkt_error[0m[2m=[0m9.091114716841276e-6 [3mscaled_nlp_error[0m[2m=[0m3.0679704088875714e-10 [3mthreshold[0m[2m=[0m0.0001
[38;2;138;109;59m INFO[0m pounce_algorithm::conv_check::opt_error: refusing a termination certificate masked by an extreme objective scale; continuing toward the true minimum (obj_scale_certificate_threshold=0 disables) [3mobj_scale[0m[2m=[0m1.603418859259077e-5 [3munscaled_kkt_error[0m[2m=[0m9.092515799336752e-6 [3mscaled_nlp_error[0m[2m=[0m1.4579111310767667e-10 [3mthreshold[0m[2m=[0m0.0001
[38;2;138;109;59m INFO[0m pounce_algorithm::conv_check::opt_error: refusing a termination certificate masked by an extreme objective scale; continuing toward the true minimum (obj_scale_certificate_threshold=0 disables) [3mobj_scale[0m[2m=[0m1.4922760352860781e-5 [3munscaled_kkt_error[0m[2m=[0m9.092779418666258e-6 [3mscaled_nlp_error[0m[2m=[0m1.3568936820618133e-10 [3mthreshold[0m[2m=[0m0.0001
[38;2;138;109;59m INFO[0m pounce_algorithm::conv_check::opt_error: refusing a termination certificate masked by an extreme objective scale; continuing toward the true minimum (obj_scale_certificate_threshold=0 disables) [3mobj_scale[0m[2m=[0m2.329854630273552e-5 [3munscaled_kkt_error[0m[2m=[0m9.091363311791169e-6 [3mscaled_nlp_error[0m[2m=[0m2.1181554907475752e-10 [3mthreshold[0m[2m=[0m0.0001
[38;2;138;109;59m INFO[0m pounce_algorithm::conv_check::opt_error: refusing a termination certificate masked by an extreme objective scale; continuing toward the true minimum (obj_scale_certificate_threshold=0 disables) [3mobj_scale[0m[2m=[0m2.170573977537832e-5 [3munscaled_kkt_error[0m[2m=[0m9.09174877840106e-6 [3mscaled_nlp_error[0m[2m=[0m1.9734313308708713e-10 [3mthreshold[0m[2m=[0m0.0001
[38;2;138;109;59m INFO[0m pounce_algorithm::conv_check::opt_error: refusing a termination certificate masked by an extreme objective scale; continuing toward the true minimum (obj_scale_certificate_threshold=0 disables) [3mobj_scale[0m[2m=[0m3.69257515434723e-5 [3munscaled_kkt_error[0m[2m=[0m9.091278104951499e-6 [3mscaled_nlp_error[0m[2m=[0m3.3570227651604876e-10 [3mthreshold[0m[2m=[0m0.0001
[38;2;138;109;59m INFO[0m pounce_algorithm::conv_check::opt_error: refusing a termination certificate masked by an extreme objective scale; continuing toward the true minimum (obj_scale_certificate_threshold=0 disables) [3mobj_scale[0m[2m=[0m1.9654355058244143e-5 [3munscaled_kkt_error[0m[2m=[0m9.092077030135438e-6 [3mscaled_nlp_error[0m[2m=[0m1.7869891016718782e-10 [3mthreshold[0m[2m=[0m0.0001
[38;2;138;109;59m INFO[0m pounce_algorithm::conv_check::opt_error: refusing a termination certificate masked by an extreme objective scale; continuing toward the true minimum (obj_scale_certificate_threshold=0 disables) [3mobj_scale[0m[2m=[0m4.2882320096574627e-5 [3munscaled_kkt_error[0m[2m=[0m9.091180424974535e-6 [3mscaled_nlp_error[0m[2m=[0m3.8985090903947133e-10 [3mthreshold[0m[2m=[0m0.0001
st_ph10                on   optimal                -10.49999999       -10.50000002    0.16  0.00e+00  {'stage_calls': 0, 'lp_calls': 0, 'deadline_calls': 0, 'declined': 0}
st_test1               off  optimal            -1.649599449e-08   -1.649599449e-08    0.05  0.00e+00  {'stage_calls': 0, 'lp_calls': 0, 'deadline_calls': 0, 'declined': 0}
st_test1               on   optimal            -1.649599449e-08   -1.649599449e-08    0.05  0.00e+00  {'stage_calls': 0, 'lp_calls': 0, 'deadline_calls': 0, 'declined': 0}
st_testgr3             off  optimal                      -20.59        -20.5907071    0.31  0.00e+00  {'stage_calls': 0, 'lp_calls': 0, 'deadline_calls': 0, 'declined': 0}
st_testgr3             on   optimal                      -20.59        -20.5907071    0.31  0.00e+00  {'stage_calls': 0, 'lp_calls': 0, 'deadline_calls': 0, 'declined': 0}
/home/user/discopt/python/discopt/debug/__init__.py:98: UserWarning: Variables with very large or infinite declared bounds: x0 (lb=0, ub=inf), x1 (lb=0, ub=inf), x2 (lb=0, ub=inf), x3 (lb=0, ub=inf), x4 (lb=0, ub=inf).  Nonlinear tightening can adjust 35 bounds via defined_variable_forward, separable_quadratic_upper_bound. NLP solvers may fail (NaN, iteration_limit) when bounds exceed ~1e15. Add tighter explicit bounds, e.g. m.continuous('x', lb=0, ub=1000).
  return fn(*args, **kwargs)
syn05hfsg              off  optimal                 837.7323677        837.7324009   12.09  2.34e-11  {'stage_calls': 0, 'lp_calls': 0, 'deadline_calls': 0, 'declined': 0}
syn05hfsg              on   optimal                 837.7323677        837.7324009   12.00  2.34e-11  {'stage_calls': 0, 'lp_calls': 0, 'deadline_calls': 0, 'declined': 0}
/home/user/discopt/python/discopt/debug/__init__.py:98: UserWarning: Variables with very large or infinite declared bounds: x0 (lb=0, ub=inf), x1 (lb=0, ub=inf), x2 (lb=0, ub=inf), x4 (lb=0, ub=inf), x5 (lb=0, ub=inf).  Nonlinear tightening can adjust 13 bounds via separable_quadratic_upper_bound, defined_variable_forward. NLP solvers may fail (NaN, iteration_limit) when bounds exceed ~1e15. Add tighter explicit bounds, e.g. m.continuous('x', lb=0, ub=1000).
  return fn(*args, **kwargs)
syn05m                 off  optimal                 837.7324007        837.7324575    2.56  5.16e-11  {'stage_calls': 1, 'lp_calls': 50, 'deadline_calls': 0, 'declined': 0}
syn05m                 on   optimal                 837.7324007        837.7324575    2.48  5.16e-11  {'stage_calls': 1, 'lp_calls': 50, 'deadline_calls': 50, 'declined': 0}
/home/user/discopt/python/discopt/debug/__init__.py:98: UserWarning: Variables with very large or infinite declared bounds: x0 (lb=0, ub=inf), x1 (lb=0, ub=inf), x2 (lb=0, ub=inf), x6 (lb=0, ub=inf), x7 (lb=0, ub=inf).  Nonlinear tightening can adjust 30 bounds via defined_variable_forward, separable_quadratic_upper_bound. NLP solvers may fail (NaN, iteration_limit) when bounds exceed ~1e15. Add tighter explicit bounds, e.g. m.continuous('x', lb=0, ub=1000).
  return fn(*args, **kwargs)
tanksize               off  time_limit               1.26864376        1.263610358   30.01  3.06e-09  {'stage_calls': 0, 'lp_calls': 0, 'deadline_calls': 0, 'declined': 0}
tanksize               on   time_limit               1.26864376         1.26343014   30.01  3.06e-09  {'stage_calls': 0, 'lp_calls': 0, 'deadline_calls': 0, 'declined': 0}
/home/user/discopt/python/discopt/debug/__init__.py:98: UserWarning: Variables with very large or infinite declared bounds: x0 (lb=1, ub=inf), x1 (lb=1, ub=inf), x2 (lb=1, ub=inf), x3 (lb=1, ub=inf).  Nonlinear tightening can adjust 4 bounds via defined_variable_forward. NLP solvers may fail (NaN, iteration_limit) when bounds exceed ~1e15. Add tighter explicit bounds, e.g. m.continuous('x', lb=0, ub=1000).
  return fn(*args, **kwargs)
tls2                   off  feasible                        5.3        3.056837699   30.57  9.33e-11  {'stage_calls': 1, 'lp_calls': 240, 'deadline_calls': 0, 'declined': 0}
tls2                   on   feasible                        8.3        3.299999736   30.61  8.51e-11  {'stage_calls': 1, 'lp_calls': 237, 'deadline_calls': 237, 'declined': 0}
trig                   off  optimal                -3.762501491       -3.762678548    0.46  0.00e+00  {'stage_calls': 0, 'lp_calls': 0, 'deadline_calls': 0, 'declined': 0}
trig                   on   optimal                -3.762501491       -3.762678548    0.44  0.00e+00  {'stage_calls': 0, 'lp_calls': 0, 'deadline_calls': 0, 'declined': 0}
tspn05                 off  optimal                 191.2552078        191.2551062    8.77  0.00e+00  {'stage_calls': 0, 'lp_calls': 0, 'deadline_calls': 0, 'declined': 0}
tspn05                 on   optimal                 191.2552078        191.2551062    9.17  0.00e+00  {'stage_calls': 0, 'lp_calls': 0, 'deadline_calls': 0, 'declined': 0}
tspn08                 off  feasible                 290.566854        264.8216348   30.90  0.00e+00  {'stage_calls': 0, 'lp_calls': 0, 'deadline_calls': 0, 'declined': 0}
tspn08                 on   feasible                 290.566854        264.8216348   30.86  0.00e+00  {'stage_calls': 0, 'lp_calls': 0, 'deadline_calls': 0, 'declined': 0}
tspn10                 off  feasible                225.1260717        167.3591052   30.11  0.00e+00  {'stage_calls': 0, 'lp_calls': 0, 'deadline_calls': 0, 'declined': 0}
tspn10                 on   feasible                225.1260717        167.3591052   30.17  0.00e+00  {'stage_calls': 0, 'lp_calls': 0, 'deadline_calls': 0, 'declined': 0}
tspn12                 off  feasible                262.6473958        201.3394102   30.12  0.00e+00  {'stage_calls': 0, 'lp_calls': 0, 'deadline_calls': 0, 'declined': 0}
tspn12                 on   feasible                262.6473958        201.3394102   30.11  0.00e+00  {'stage_calls': 0, 'lp_calls': 0, 'deadline_calls': 0, 'declined': 0}
/home/user/discopt/python/discopt/debug/__init__.py:98: UserWarning: Variables with very large or infinite declared bounds: x0 (lb=0, ub=inf), x1 (lb=0, ub=inf), x2 (lb=0, ub=inf), x3 (lb=0, ub=inf), x4 (lb=0, ub=inf).  Nonlinear tightening can adjust 102 bounds via defined_variable_forward, separable_quadratic_upper_bound. NLP solvers may fail (NaN, iteration_limit) when bounds exceed ~1e15. Add tighter explicit bounds, e.g. m.continuous('x', lb=0, ub=1000).
  return fn(*args, **kwargs)
util                   off  optimal                 999.5787502        999.5787502   10.87  6.39e-12  {'stage_calls': 0, 'lp_calls': 0, 'deadline_calls': 0, 'declined': 0}
util                   on   optimal                 999.5787502        999.5787502   11.07  6.39e-12  {'stage_calls': 0, 'lp_calls': 0, 'deadline_calls': 0, 'declined': 0}

ROWS WHERE THE ROOT-CUT STAGE RAN AT ALL: 12/119

load after (1.11376953125, 1.19873046875, 1.08837890625)
ROWS WHERE THE STAGE RAN WITH A DEADLINE: 8/119
ROWS WHERE THE DEADLINE ACTUALLY BIT (extra declined LP): 0/119
EXECUTED SOUNDNESS CHECKS: 331   VIOLATIONS: 1
  !! clay0303hfsg: certification regressed optimal -> feasible
