{
  "rows": [
    {
      "name": "rsyn0805m",
      "opt": 1296.120603,
      "is_max": true,
      "nlpbb_root_excess": 62.87255516562516,
      "spatial_lp_root_excess": 62.872555166241185,
      "spatial_lp_cuts_root_excess": 62.872555166241185,
      "spatial_lp_cuts_cmir_root_excess": 62.872555166241185,
      "scip_root_excess": 16.1,
      "discopt_scip_spread_pts": 46.77255516562516,
      "kill_threshold_pts": 4.677255516562516,
      "nlpbb_root_bound": 2111.0247441342085,
      "spatial_lp_root_bound": 2111.024744142193,
      "spatial_lp_cuts_root_bound": 2111.024744142193,
      "spatial_lp_cuts_cmir_root_bound": 2111.024744142193,
      "mir_cover_gain_pts": 0.0,
      "cmir_extra_gain_pts": 0.0,
      "best_discopt_root_excess": 62.87255516562516,
      "best_gain_vs_nlpbb_pts": 0.0
    },
    {
      "name": "rsyn0810m",
      "opt": 1721.447711,
      "is_max": true,
      "nlpbb_root_excess": 72.13474316953076,
      "spatial_lp_root_excess": 72.13474316446069,
      "spatial_lp_cuts_root_excess": 72.13474316446069,
      "spatial_lp_cuts_cmir_root_excess": 72.13474316446069,
      "scip_root_excess": 9.5,
      "discopt_scip_spread_pts": 62.634743169530765,
      "kill_threshold_pts": 6.263474316953077,
      "nlpbb_root_bound": 2963.2095961276164,
      "spatial_lp_root_bound": 2963.2095960403376,
      "spatial_lp_cuts_root_bound": 2963.2095960403376,
      "spatial_lp_cuts_cmir_root_bound": 2963.2095960403376,
      "mir_cover_gain_pts": 0.0,
      "cmir_extra_gain_pts": 0.0,
      "best_discopt_root_excess": 72.13474316446069,
      "best_gain_vs_nlpbb_pts": 5.070077691016195e-09
    },
    {
      "name": "rsyn0815m",
      "opt": 1269.925649,
      "is_max": true,
      "nlpbb_root_excess": 103.56591109491255,
      "spatial_lp_root_excess": 103.5659110938851,
      "spatial_lp_cuts_root_excess": 103.5659110938851,
      "spatial_lp_cuts_cmir_root_excess": 103.5659110938851,
      "scip_root_excess": 17.9,
      "discopt_scip_spread_pts": 85.66591109491256,
      "kill_threshold_pts": 8.566591109491256,
      "nlpbb_root_bound": 2585.1357176148313,
      "spatial_lp_root_bound": 2585.1357176017837,
      "spatial_lp_cuts_root_bound": 2585.1357176017837,
      "spatial_lp_cuts_cmir_root_bound": 2585.1357176017837,
      "mir_cover_gain_pts": 0.0,
      "cmir_extra_gain_pts": 0.0,
      "best_discopt_root_excess": 103.5659110938851,
      "best_gain_vs_nlpbb_pts": 1.0274447959091049e-09
    },
    {
      "name": "syn40m",
      "opt": 67.71325586,
      "is_max": true,
      "nlpbb_root_excess": 2608.352638619441,
      "spatial_lp_root_excess": 2608.3526371719204,
      "spatial_lp_cuts_root_excess": 2608.3526371719204,
      "spatial_lp_cuts_cmir_root_excess": 2608.3526371719204,
      "scip_root_excess": 5.2,
      "discopt_scip_spread_pts": 2603.1526386194414,
      "kill_threshold_pts": 260.3152638619442,
      "nlpbb_root_bound": 1833.9137517794436,
      "spatial_lp_root_bound": 1833.91375079928,
      "spatial_lp_cuts_root_bound": 1833.91375079928,
      "spatial_lp_cuts_cmir_root_bound": 1833.91375079928,
      "mir_cover_gain_pts": 0.0,
      "cmir_extra_gain_pts": 0.0,
      "best_discopt_root_excess": 2608.3526371719204,
      "best_gain_vs_nlpbb_pts": 1.4475208445219323e-06
    }
  ],
  "opts": {
    "rsyn0805m": 1296.120603,
    "rsyn0810m": 1721.447711,
    "rsyn0815m": 1269.925649,
    "syn40m": 67.71325586
  },
  "note": "OA (path a) gain is 0 by construction on convex models (redundant tangent of the exact continuous relaxation B0). flow-cover does not exist; UNMEASURED."
}