{
  "rsyn0805m": {
    "opt": 1296.120603,
    "discopt_root_pct": 62.873,
    "scip_root_pct": 16.07,
    "spread_pts": 46.803,
    "n_vub": 11,
    "arms": {
      "A": {
        "B0_excess_pct": 62.87255658478508,
        "traj_excess_pct": [
          60.44820085620248,
          60.44820085620248,
          60.44820085620248,
          60.44820085620248,
          60.44820085620248,
          60.44820085620248,
          60.44820085620248,
          60.44820085620248,
          60.44820085620248,
          60.44820085620248,
          60.44820085620248,
          60.44820085620248,
          60.44820085620248,
          60.44820085620248,
          60.44820085620248,
          60.44820085620248,
          60.44820085620248,
          60.44820085620248,
          60.44820085620248,
          60.44820085620248,
          60.44820085620248,
          60.44820085620248,
          60.44820085620248,
          60.44820085620248,
          60.44820085620248,
          60.44820085620248,
          60.44820085620248,
          60.44820085620248,
          60.44820085620248,
          60.44820085620248
        ],
        "final_excess_pct": 60.44820085620248,
        "spread_closed_pct": 5.179915237447593,
        "min_excess_pct": 60.44820085620248,
        "sound_bound_ge_opt": true,
        "cuts_added_per_round": [
          8,
          0,
          0,
          0,
          0,
          0,
          0,
          0,
          0,
          0,
          0,
          0,
          0,
          0,
          0,
          0,
          0,
          0,
          0,
          0,
          0,
          0,
          0,
          0,
          0,
          0,
          0,
          0,
          0,
          0
        ],
        "duals_used": true,
        "rounds_with_cuts": 1,
        "seconds": 0.46639204025268555
      },
      "B": {
        "B0_excess_pct": 62.87255658478508,
        "traj_excess_pct": [
          59.6569761996139,
          59.656181910029915,
          59.6559826656771,
          59.65588823005034,
          59.65586490393796,
          59.655853207899256,
          59.65584768536844,
          59.65584768536844,
          59.65584768536844,
          59.65584768536844,
          59.65584768536844,
          59.65584768536844,
          59.65584768536844,
          59.65584768536844,
          59.65584768536844,
          59.65584768536844,
          59.65584768536844,
          59.65584768536844,
          59.65584768536844,
          59.65584768536844,
          59.65584768536844,
          59.65584768536844,
          59.65584768536844,
          59.65584768536844,
          59.65584768536844,
          59.65584768536844,
          59.65584768536844,
          59.65584768536844,
          59.65584768536844,
          59.65584768536844
        ],
        "final_excess_pct": 59.65584768536844,
        "spread_closed_pct": 6.8728690456095505,
        "min_excess_pct": 59.65584768536844,
        "sound_bound_ge_opt": true,
        "cuts_added_per_round": [
          9,
          0,
          0,
          0,
          0,
          0,
          0,
          0,
          0,
          0,
          0,
          0,
          0,
          0,
          0,
          0,
          0,
          0,
          0,
          0,
          0,
          0,
          0,
          0,
          0,
          0,
          0,
          0,
          0,
          0
        ],
        "duals_used": true,
        "rounds_with_cuts": 1,
        "seconds": 0.7087910175323486
      }
    }
  },
  "syn40m": {
    "opt": 67.71325586,
    "discopt_root_pct": 2608.35,
    "scip_root_pct": 3.49,
    "spread_pts": 2604.86,
    "n_vub": 80,
    "arms": {
      "A": {
        "B0_excess_pct": 2608.352902099743,
        "traj_excess_pct": [
          2347.656584785701,
          2328.9547210477403,
          2220.083627994271,
          2219.9520024676563,
          2219.8820796552286,
          2219.8635898361294,
          2219.8584709573283,
          2219.8572885945223,
          2219.857124554367,
          2219.857124554367,
          2219.857124554367,
          2219.857124554367,
          2219.857124554367,
          2219.857124554367,
          2219.857124554367,
          2219.857124554367,
          2219.857124554367,
          2219.857124554367,
          2219.857124554367,
          2219.857124554367,
          2219.857124554367,
          2219.857124554367,
          2219.857124554367,
          2219.857124554367,
          2219.857124554367,
          2219.857124554367,
          2219.857124554367,
          2219.857124554367,
          2219.857124554367,
          2219.857124554367
        ],
        "final_excess_pct": 2219.857124554367,
        "spread_closed_pct": 14.914267083274183,
        "min_excess_pct": 2219.857124554367,
        "sound_bound_ge_opt": true,
        "cuts_added_per_round": [
          24,
          5,
          1,
          0,
          0,
          0,
          0,
          0,
          0,
          0,
          0,
          0,
          0,
          0,
          0,
          0,
          0,
          0,
          0,
          0,
          0,
          0,
          0,
          0,
          0,
          0,
          0,
          0,
          0,
          0
        ],
        "duals_used": true,
        "rounds_with_cuts": 3,
        "seconds": 0.4831719398498535
      },
      "B": {
        "B0_excess_pct": 2608.352902099743,
        "traj_excess_pct": [
          2235.649389844485,
          2145.2836918738035,
          2141.0167105671717,
          2141.0060784861585,
          2141.000960266825,
          2140.999197706587,
          2140.999197706587,
          2140.999197706587,
          2140.999197706587,
          2140.999197706587,
          2140.999197706587,
          2140.999197706587,
          2140.999197706587,
          2140.999197706587,
          2140.999197706587,
          2140.999197706587,
          2140.999197706587,
          2140.999197706587,
          2140.999197706587,
          2140.999197706587,
          2140.999197706587,
          2140.999197706587,
          2140.999197706587,
          2140.999197706587,
          2140.999197706587,
          2140.999197706587,
          2140.999197706587,
          2140.999197706587,
          2140.999197706587,
          2140.999197706587
        ],
        "final_excess_pct": 2140.999197706587,
        "spread_closed_pct": 17.94160547565535,
        "min_excess_pct": 2140.999197706587,
        "sound_bound_ge_opt": true,
        "cuts_added_per_round": [
          45,
          14,
          3,
          0,
          0,
          0,
          0,
          0,
          0,
          0,
          0,
          0,
          0,
          0,
          0,
          0,
          0,
          0,
          0,
          0,
          0,
          0,
          0,
          0,
          0,
          0,
          0,
          0,
          0,
          0
        ],
        "duals_used": true,
        "rounds_with_cuts": 3,
        "seconds": 1.1952941417694092
      }
    }
  },
  "_verdict": {
    "survivor": true,
    "kill_bar_pct_of_spread": 10.0,
    "recommendation": "GO"
  }
}