{
  "qap_meta": {
    "n": 225,
    "n_eq": 30,
    "offset": 0.0,
    "eig_min": -164905.19275524415,
    "eig_max": 476723.64157340664
  },
  "runs": {
    "shor_rlt1_gangster_SCS": {
      "bound": 377098.3849654485,
      "status": "optimal",
      "time_s": 86.32528829574585
    }
  }
}