{
  "rsyn0805m": {
    "opt": 1296.120603,
    "scip_root_pct": 16.07,
    "coef_tightened_rows": 52,
    "arms": {
      "BASE": {
        "B0_excess_pct": 61.427906878454365,
        "remaining_spread_pts": 45.357906878454365,
        "final_excess_pct": 59.653567561881026,
        "remaining_closed_pct": 3.9118633082607595,
        "min_excess_pct": 59.653567561881026,
        "sound_bound_ge_opt": true,
        "cuts_added_per_round": [
          6,
          0,
          0,
          0,
          0,
          0,
          0,
          0,
          0,
          0,
          0,
          0,
          0,
          0,
          0,
          0,
          0,
          0,
          0,
          0,
          0,
          0,
          0,
          0,
          0,
          0,
          0,
          0,
          0,
          0
        ],
        "rounds_with_cuts": 1,
        "seconds": 0.5697300434112549
      },
      "SEL": {
        "B0_excess_pct": 61.427906878454365,
        "remaining_spread_pts": 45.357906878454365,
        "final_excess_pct": 59.653567561881026,
        "remaining_closed_pct": 3.9118633082607595,
        "min_excess_pct": 59.653567561881026,
        "sound_bound_ge_opt": true,
        "cuts_added_per_round": [
          6,
          0,
          0,
          0,
          0,
          0,
          0,
          0,
          0,
          0,
          0,
          0,
          0,
          0,
          0,
          0,
          0,
          0,
          0,
          0,
          0,
          0,
          0,
          0,
          0,
          0,
          0,
          0,
          0,
          0
        ],
        "rounds_with_cuts": 1,
        "seconds": 0.5690791606903076
      },
      "GMI": {
        "B0_excess_pct": 61.427906878454365,
        "remaining_spread_pts": 45.357906878454365,
        "final_excess_pct": 19.076106338341507,
        "remaining_closed_pct": 93.37247561622063,
        "min_excess_pct": 19.076106338341507,
        "sound_bound_ge_opt": true,
        "cuts_added_per_round": [
          29,
          27,
          22,
          25,
          20,
          21,
          19,
          24,
          23,
          24,
          24,
          12,
          17,
          19,
          21,
          18,
          14,
          23,
          20,
          22,
          18,
          16,
          16,
          18,
          23,
          21,
          24,
          24,
          24,
          24
        ],
        "rounds_with_cuts": 30,
        "seconds": 5.984822988510132
      },
      "SELGMI": {
        "B0_excess_pct": 61.427906878454365,
        "remaining_spread_pts": 45.357906878454365,
        "final_excess_pct": 9.709533565035407,
        "remaining_closed_pct": 114.0228393960258,
        "min_excess_pct": 9.709533565035407,
        "sound_bound_ge_opt": true,
        "cuts_added_per_round": [
          8,
          8,
          8,
          8,
          8,
          8,
          8,
          6,
          8,
          8,
          8,
          8,
          8,
          8,
          8,
          8,
          8,
          8,
          8,
          5,
          4,
          6,
          6,
          5,
          5,
          5,
          4,
          4,
          3,
          2
        ],
        "rounds_with_cuts": 30,
        "seconds": 2.1549577713012695
      }
    }
  },
  "rsyn0810m": {
    "opt": 1721.447711,
    "scip_root_pct": 9.5,
    "coef_tightened_rows": 56,
    "arms": {
      "BASE": {
        "B0_excess_pct": 66.69068467852925,
        "remaining_spread_pts": 57.19068467852925,
        "final_excess_pct": 65.35474067614784,
        "remaining_closed_pct": 2.3359468589872567,
        "min_excess_pct": 65.35474067614784,
        "sound_bound_ge_opt": true,
        "cuts_added_per_round": [
          6,
          0,
          0,
          0,
          0,
          0,
          0,
          0,
          0,
          0,
          0,
          0,
          0,
          0,
          0,
          0,
          0,
          0,
          0,
          0,
          0,
          0,
          0,
          0,
          0,
          0,
          0,
          0,
          0,
          0
        ],
        "rounds_with_cuts": 1,
        "seconds": 0.6019699573516846
      },
      "SEL": {
        "B0_excess_pct": 66.69068467852925,
        "remaining_spread_pts": 57.19068467852925,
        "final_excess_pct": 65.35474067614784,
        "remaining_closed_pct": 2.3359468589872567,
        "min_excess_pct": 65.35474067614784,
        "sound_bound_ge_opt": true,
        "cuts_added_per_round": [
          6,
          0,
          0,
          0,
          0,
          0,
          0,
          0,
          0,
          0,
          0,
          0,
          0,
          0,
          0,
          0,
          0,
          0,
          0,
          0,
          0,
          0,
          0,
          0,
          0,
          0,
          0,
          0,
          0,
          0
        ],
        "rounds_with_cuts": 1,
        "seconds": 0.5319979190826416
      },
      "GMI": {
        "B0_excess_pct": 66.69068467852925,
        "remaining_spread_pts": 57.19068467852925,
        "final_excess_pct": 14.245699466640593,
        "remaining_closed_pct": 91.701971233049,
        "min_excess_pct": 14.245699466640593,
        "sound_bound_ge_opt": true,
        "cuts_added_per_round": [
          30,
          27,
          24,
          25,
          20,
          18,
          19,
          21,
          22,
          12,
          22,
          20,
          19,
          20,
          0,
          0,
          0,
          0,
          0,
          0,
          0,
          0,
          0,
          0,
          0,
          0,
          0,
          0,
          0,
          0
        ],
        "rounds_with_cuts": 14,
        "seconds": 4.222081184387207
      },
      "SELGMI": {
        "B0_excess_pct": 66.69068467852925,
        "remaining_spread_pts": 57.19068467852925,
        "final_excess_pct": 11.827538662670573,
        "remaining_closed_pct": 95.93021367771037,
        "min_excess_pct": 11.827538662670573,
        "sound_bound_ge_opt": true,
        "cuts_added_per_round": [
          8,
          8,
          8,
          8,
          8,
          8,
          8,
          8,
          8,
          8,
          7,
          8,
          6,
          6,
          7,
          4,
          5,
          4,
          3,
          5,
          4,
          3,
          2,
          3,
          2,
          3,
          2,
          4,
          3,
          4
        ],
        "rounds_with_cuts": 30,
        "seconds": 2.149583101272583
      }
    }
  },
  "rsyn0815m": {
    "opt": 1269.925649,
    "scip_root_pct": 17.9,
    "coef_tightened_rows": 62,
    "arms": {
      "BASE": {
        "B0_excess_pct": 86.73308552114386,
        "remaining_spread_pts": 68.83308552114386,
        "final_excess_pct": 83.28779500661588,
        "remaining_closed_pct": 5.005282689920493,
        "min_excess_pct": 83.28779500661588,
        "sound_bound_ge_opt": true,
        "cuts_added_per_round": [
          24,
          1,
          0,
          0,
          0,
          0,
          0,
          0,
          0,
          0,
          0,
          0,
          0,
          0,
          0,
          0,
          0,
          0,
          0,
          0,
          0,
          0,
          0,
          0,
          0,
          0,
          0,
          0,
          0,
          0
        ],
        "rounds_with_cuts": 2,
        "seconds": 0.8138248920440674
      },
      "SEL": {
        "B0_excess_pct": 86.73308552114386,
        "remaining_spread_pts": 68.83308552114386,
        "final_excess_pct": 83.2877970153541,
        "remaining_closed_pct": 5.005279771646228,
        "min_excess_pct": 83.2877970153541,
        "sound_bound_ge_opt": true,