{
  "task": "CUT-1",
  "generated": "20260710T161545",
  "panel": [
    "nvs17",
    "nvs19",
    "nvs24"
  ],
  "opt": {
    "nvs17": -1100.4,
    "nvs19": -1098.4,
    "nvs24": -1033.2
  },
  "cap_seconds": 120.0,
  "rows": [
    {
      "instance": "nvs17",
      "opt": -1100.4,
      "scip_root_bound": -1105.1049767542875,
      "scip_trivial": -6404.490000000001,
      "n_scip_cmir_cuts": 5,
      "box_lb": [
        1.0,
        3.0,
        1.0,
        0.0,
        5.0,
        1.0,
        5.0
      ],
      "box_ub": [
        6.0,
        9.0,
        6.0,
        4.0,
        10.0,
        9.0,
        8.0
      ],
      "n_lifted_cols": 35,
      "root_off": -1811.1000018121101,
      "root_off_status": "optimal",
      "n_cuts_fully_mapped": 2,
      "n_unmapped_terms": 3,
      "root_on": -1798.433416664591,
      "root_on_status": "optimal",
      "gap_closed": 0.01782268906039454,
      "delta_bound": 12.666585147519072,
      "sep_root_off": -1811.1000018121126,
      "sep_root_off_status": "optimal",
      "sep_root_on": -1798.4334166645879,
      "sep_root_on_status": "optimal",
      "sep_delta_bound": 12.666585147524756,
      "sep_gap_closed": 0.017822689060402474,
      "wall": 0.9148256671614945
    },
    {
      "instance": "nvs19",
      "opt": -1098.4,
      "scip_root_bound": -1104.481517103214,
      "scip_trivial": -7174.4784313725495,
      "n_scip_cmir_cuts": 1,
      "box_lb": [
        0.0,
        0.0,
        0.0,
        0.0,
        0.0,
        0.0,
        0.0,
        0.0
      ],
      "box_ub": [
        8.0,
        10.0,
        8.0,
        6.0,
        14.0,
        15.0,
        10.0,
        8.0
      ],
      "n_lifted_cols": 44,
      "root_off": -4556.70000455771,
      "root_off_status": "optimal",
      "n_cuts_fully_mapped": 0,
      "n_unmapped_terms": 2,
      "root_on": -4556.70000455771,
      "root_on_status": "optimal",
      "gap_closed": 0.0,
      "delta_bound": 0.0,
      "sep_root_off": -4556.700004557715,
      "sep_root_off_status": "optimal",
      "sep_root_on": -4556.700004557715,
      "sep_root_on_status": "optimal",
      "sep_delta_bound": 0.0,
      "sep_gap_closed": 0.0,
      "wall": 0.9430324169807136
    },
    {
      "instance": "nvs24",
      "opt": -1033.2,
      "scip_root_bound": -1037.334973050384,
      "scip_trivial": -25156.396363636362,
      "n_scip_cmir_cuts": 1,
      "box_lb": [
        0.0,
        0.0,
        0.0,
        0.0,
        0.0,
        0.0,
        0.0,
        0.0,
        0.0,
        0.0
      ],
      "box_ub": [
        17.0,
        13.0,
        10.0,
        7.0,
        28.0,
        17.0,
        12.0,
        13.0,
        12.0,
        20.0
      ],
      "n_lifted_cols": 65,
      "root_off": -12645.333345979683,
      "root_off_status": "optimal",
      "n_cuts_fully_mapped": 0,
      "n_unmapped_terms": 3,
      "root_on": -12645.333345979683,
      "root_on_status": "optimal",
      "gap_closed": 0.0,
      "delta_bound": 0.0,
      "sep_root_off": -12645.333345979694,
      "sep_root_off_status": "optimal",
      "sep_root_on": -12645.333345979694,
      "sep_root_on_status": "optimal",
      "sep_delta_bound": 0.0,
      "sep_gap_closed": 0.0,
      "wall": 3.0289322077296674
    }
  ]
}